a,32432
the,22071
with,20383
have,19061
?,18561
in,14417
on,13849
i,12742
and,11374
you,7764
do,7689
of,7575
.,7465
|,|,7008
man,6593
guy,6589
white,5805
red,5615
shirt,4753
one,4104
woman,4075
black,3729
blue,3660
again,3474
two,3426
to,3349
girl,2852
green,2809
is,2708
front,2706
bike,2676
holding,2544
cake,2490
lady,2376
laptop,2313
it,2198
dog,2191
orange,2112
truck,2035
next,1985
at,1883
sitting,1864
yellow,1774
bus,1734
an,1691
pink,1560
no,1530
that,1500
2,1479
his,1423
about,1410
looking,1390
car,1385
people,1380
boy,1346
table,1317
picture,1316
pizza,1278
bench,1263
motorcycle,1261
couch,1259
umbrella,1224
standing,1207
phone,1157
kid,1103
wearing,1099
her,1094
last,1087
same,1066
plate,1014
eating,978
cat,977
yes,973
little,964
cup,958
back,935
board,929
brown,925
top,905
elephant,900
my,895
women,882
hat,874
kids,873
bowl,852
/,848
baby,835
food,801
playing,800
train,798
bear,785
left,783
person,774
behind,769
what,769
dress,764
tv,764
how,760
hot,759
also,759
suitcase,740
striped,699
men,699
3,681
laying,671
right,662
coffee,661
see,658
bed,652
three,651
photo,649
hand,647
something,641
by,639
old,626
guys,623
fridge,620
camera,606
glass,604
got,594
out,592
has,590
up,576
dogs,571
background,565
kitchen,564
like,555
helmet,550
big,543
down,542
wii,535
cutting,534
ok,525
donut,524
surfboard,524
child,514
chair,514
small,503
riding,497
hair,482
oven,472
suit,471
smiling,465
large,462
candles,462
over,451
purple,448
remote,447
teddy,440
open,437
glasses,435
reading,434
for,433
looks,432
other,430
plates,426
putting,425
this,422
him,420
time,418
from,417
silver,417
side,415
taking,415
don't,409
asian,403
room,400
grey,394
talking,394
not,392
blonde,392
plaid,390
fries,389
water,384
vest,381
rice,372
wine,371
donuts,369
chocolate,368
boat,359
there,357
some,353
mirror,352
jacket,349
dark,347
head,347
into,343
or,340
!,339
laptops,331
pic,328
parked,324
van,323
soccer,323
okay,322
near,315
skateboard,314
around,313
gray,311
sleeping,311
beer,309
tank,309
book,309
older,306
ladies,306
shorts,304
backpack,302
lap,301
stuffed,301
pulling,297
sign,297
),290
mug,286
bananas,284
parking,283
long,279
carrying,275
window,272
",269
beside,269
now,266
statue,265
trunk,263
them,261
sandwich,261
bikes,261
cell,260
too,259
police,259
panda,257
hi,254
banana,254
-,253
(,251
light,251
salad,250
between,250
fruit,249
tan,248
bottle,247
another,246
4,245
frisbee,245
hotdog,244
shirtless,244
facing,243
outside,242
wall,241
me,239
army,237
lying,236
bikini,235
fork,233
shirts,233
toddler,232
mouse,231
elephants,231
box,230
girls,230
jeans,229
screen,228
drink,226
he,226
middle,225
straw,224
highlighted,223
leaning,223
wood,222
are,221
bears,220
handstand,219
...,217
someone,217
all,217
being,217
walking,217
young,216
tie,214
as,213
cream,213
off,212
scarf,212
gas,211
computer,209
i've,208
station,206
luggage,205
apron,204
birthday,202
pants,202
but,200
5,198
square,196
their,193
surf,189
thing,188
stuff,188
tray,188
writing,188
road,187
beard,185
ice,183
its,182
tow,182
wooden,181
game,181
floor,180
dish,179
leather,179
beach,177
first,175
bag,174
touching,173
knife,172
skirt,172
muffin,171
dont,170
polka,169
stripes,168
making,168
hands,168
then,167
image,166
baseball,166
watching,164
bunch,163
seat,163
keyboard,163
couple,162
grass,162
military,161
doing,160
carrots,159
cheese,159
says,159
four,158
flowers,158
1,156
hello,155
chairs,155
dude,154
empty,154
corner,153
w,153
sofa,153
feeding,152
half,150
reaching,150
slice,148
think,148
while,148
mouth,147
shark,147
round,146
group,146
arm,146
lot,145
going,144
windows,144
..,143
each,143
bald,143
salvation,143
cleaning,141
monk,141
dolls,140
kayak,140
coke,138
she,137
petting,137
coat,136
blond,135
animal,135
ground,134
lit,133
bread,132
mickey,132
bowls,131
godiva,131
dot,131
cap,131
flag,131
basket,130
bottles,130
face,129
trucks,129
subway,129
both,128
short,128
inside,127
using,127
furniture,127
cop,126
grill,126
stop,126
tshirt,126
nope,125
stripe,125
pointing,125
so,124
close,124
door,124
booth,124
boards,124
napkin,123
vase,123
different,120
soup,120
tree,119
pot,119
cut,119
feet,119
&,117
beets,117
toy,117
vehicle,116
phones,116
just,114
colored,114
glove,114
camo,114
veggies,113
t,113
dishes,112
it's,111
drinking,110
street,110
officer,110
pie,110
bicycle,108
mercedes,107
refrigerator,107
socks,107
pan,106
towing,106
getting,105
piece,105
bearded,105
showing,104
moving,104
counter,104
boys,104
shoes,103
sweater,103
be,102
paw,102
t-shirt,102
clear,101
plant,101
carrot,99
mom,99
painting,99
bright,95
tea,95
wheels,95
beige,95
hoodie,94
wires,94
vegetables,93
here,93
pickup,93
stone,93
above,92
living,92
full,91
crowd,91
stand,91
cane,91
container,90
sleeve,90
he's,90
strawberry,90
ball,90
maybe,89
waiting,89
kill,89
well,88
containers,88
can,88
cars,88
uniform,88
dirt,88
broccoli,87
yep,87
teapot,87
meter,87
oranges,86
restaurant,86
sleeves,86
bending,86
park,86
life,86
third,85
spoon,85
line,85
blurry,85
sunglasses,85
fat,85
before,84
sauce,84
video,84
shaking,84
logo,83
schepps,83
your,82
star,82
house,82
only,81
still,81
away,81
stripped,81
powdered,81
case,81
dad,81
weird,80
lights,80
sugar,80
helmets,80
gloves,80
tomato,79
under,79
floral,79
giant,79
haired,79
legs,78
page,77
u,77
paper,77
view,77
blanket,77
lamp,77
jumping,77
surfing,77
does,76
cups,76
tail,76
huge,76
children,76
scooter,76
color,75
ikea,75
wetsuit,75
driving,73
fedex,73
cellphone,73
jackets,73
platform,73
finally,72
controller,72
costume,72
nutella,72
great,71
neon,71
rider,71
apple,71
loading,71
kneeling,71
tanks,71
meters,71
books,70
grapefruit,70
colorful,70
working,70
shadow,70
glazed,70
wet,70
lol,69
though,69
traffic,69
more,68
they,68
cycle,68
pole,68
fire,68
suitcases,68
pillows,68
ear,68
climbing,68
mascot,68
bow,67
towards,67
five,67
greens,66
dressed,66
bmw,66
lots,65
there's,65
bottom,65
us,65
bent,65
posing,65
logs,65
uniforms,65
*,64
covered,64
hugging,64
brushing,64
had,63
celery,63
biker,63
spaghetti,63
ribbon,63
:,62
against,62
chinese,62
letters,62
couches,62
navy,62
dunkin,62
tall,61
candle,61
checkered,61
pizzas,61
shot,60
giving,60
brownies,60
soldier,60
peace,60
umbrellas,60
very,59
onto,59
through,58
',58
trailer,58
race,58
stove,58
magnets,58
that's,57
double,57
towed,57
who,57
suits,57
california,57
syrup,56
bedroom,56
opening,56
things,55
kind,55
coming,55
son,55
pigtails,55
kilt,55
british,55
boxes,54
sorry,54
mine,54
held,54
motorbike,54
frosting,54
eaten,54
fireplace,54
stainless,54
father,54
propane,54
surfboards,54
noodles,53
if,53
french,53
set,53
rock,53
hood,52
asleep,52
burger,52
egg,52
steel,52
handle,52
boa,52
cow,52
plastic,51
lastly,51
without,51
row,51
recliner,51
policeman,50
high,50
heavy,50
rug,50
aprons,50
cool,49
end,49
roses,49
construction,49
icing,49
american,49
xp,49
cooking,49
outfit,48
squatting,48
elephant's,48
pacifier,48
rain,48
filled,47
look,47
jb,47
pooh,47
play,47
poncho,47
lifting,46
did,46
junk,46
desk,46
second,46
we,46
trying,46
+,46
whole,46
flower,46
tee,46
blackberry,46
pile,46
railing,46
mini,45
fence,45
matching,45
together,45
ocean,45
shoulder,45
sort,44
alright,44
trim,44
beers,44
wheel,44
field,44
carpet,44
messy,44
bagel,44
games,44
english,44
ramp,44
metal,43
>,43
tablecloth,43
motorcycles,43
ponytail,43
winnie,43
dots,43
tomatoes,42
common,42
pictures,42
where,42
yeah,42
written,42
arms,42
closed,42
hotdogs,41
type,41
oh,41
family,41
sprinkling,41
ladder,41
boxing,41
cloth,40
spot,40
eyes,40
placing,40
blowing,40
mostly,39
sections,39
was,39
vehicles,39
infant,39
garage,39
cart,39
ketchup,39
purse,39
waving,39
s,38
sports,38
decker,38
foreground,38
doughnut,38
marine,38
drinks,37
resting,37
mother,37
grapes,37
slicing,37
throw,37
stomach,37
collar,37
milkshake,37
daughter,37
crouching,37
combing,37
part,36
center,36
those,36
either,36
upside,36
monitor,36
iced,36
female,36
control,36
male,36
polo,36
pack,36
business,35
taken,35
neck,35
several,35
visible,35
rack,35
stack,35
k,35
bacon,35
;,34
loaf,34
opposite,34
motor,34
sand,34
rainbow,34
license,34
fast,34
blurred,34
elderly,34
cartoon,34
twilight,34
river,34
m10,34
tennis,34
moon,33
pineapple,33
jar,33
missing,33
gold,33
tattoo,33
jerseys,33
having,32
yours,32
greenish,32
doors,32
teal,32
bags,32
soda,32
hey,32
sun,32
remotes,32
typing,32
she's,32
jersey,32
preparing,32
pug,32
headband,32
beaver,32
scooping,31
lime,31
described,31
fruits,31
pastry,31
choc,31
highlight,31
clothes,31
players,31
skateboarding,31
moped,31
scuba,31
flip,31
bucket,30
way,30
cargo,30
button,30
c'est,30
across,30
final,30
low,30
stool,30
appliance,30
sleeved,30
ready,29
oval,29
lunch,29
night,29
shaped,29
bun,29
appears,29
any,29
vanilla,29
golden,29
foot,29
sparkler,29
khaki,29
poking,29
headless,29
mitt,29
sure,28
reddish,28
3rd,28
almost,28
buses,28
frosted,28
alone,28
sideways,28
theres,28
firetruck,28
hanging,28
pick,28
fed,28
single,28
overhead,28
robe,28
milk,28
rail,28
watch,28
turkey,28
bite,27
n,27
design,27
meal,27
few,27
dinner,27
cops,27
gear,27
toward,27
sheet,27
space,27
dudes,27
african,27
ive,27
barefoot,27
skateboarder,27
splashing,27
slouching,27
fake,27
straps,27
larger,26
really,26
filling,26
pointed,26
yup,26
suv,26
many,26
wagon,26
ex,26
doughnuts,26
sticker,26
breakfast,26
racing,26
vests,26
compartments,25
checked,25
hold,25
parade,25
flannel,25
plain,25
mack,25
cushions,25
shade,25
outdoor,25
wallet,25
reflection,25
pepper,25
officers,25
mud,25
sky,24
sides,24
below,24
i'm,24
stopped,24
good,24
border,24
sleeveless,24
nice,24
walls,24
tables,24
doorway,24
persons,24
whit,24
balding,24
shake,24
tower,24
raft,24
feather,24
peeking,24
dr,24
beret,24
juice,23
bento,23
sliced,23
blood,23
place,23
lines,23
word,23
chest,23
macaroons,23
canoe,23
backs,23
library,23
interviewing,23
samsung,23
which,22
fried,22
serving,22
show,22
seen,22
tiny,22
far,22
colors,22
passing,22
attached,22
garbage,22
palm,22
teacup,22
cakes,22
rear,22
wear,22
classic,22
patterned,22
alcohol,22
staring,22
cabinet,22
island,22
hes,22
lemons,22
microwave,22
onesie,22
flame,22
flames,22
poodle,22
dc,22
airplane,22
can't,21
stacked,21
ones,21
our,21
lane,21
aqua,21
icecream,21
bundt,21
intersection,21
mac,21
wi,21
:),21
sweatshirt,21
bar,21
happy,21
headphones,21
holes,21
pony,21
iphone,21
charging,21
cafe,21
helping,21
delivering,21
wave,21
step,21
pomeranian,21
airport,21
texting,21
raincoat,21
mentioned,20
previous,20
pattern,20
smaller,20
slices,20
tin,20
edge,20
man's,20
yellowish,20
strip,20
once,20
pitcher,20
seats,20
crossing,20
emergency,20
turned,20
pinkish,20
curly,20
himself,20
guy's,20
overalls,20
skate,20
workers,20
alphabet,20
seems,19
earlier,19
scene,19
trees,19
items,19
directions,19
woolwich,19
trash,19
clothing,19
vintage,19
loaded,19
maroon,19
seated,19
teens,19
gathered,19
younger,19
hamburger,19
hats,19
bathing,19
shirted,19
mobile,19
chihuahua,19
leafy,18
section,18
separate,18
upper,18
nearby,18
fluffy,18
work,18
178,18
peach,18
mean,18
store,18
speeding,18
p,18
ainscough,18
draped,18
coach,18
go,18
axil,18
tanktop,18
selfie,18
someone's,18
dirtbike,18
coats,18
adult,18
carseat,18
uk,18
bookshelf,17
trays,17
ring,17
meat,17
pasta,17
others,17
2nd,17
actually,17
ugly,17
flat,17
closeup,17
multi,17
sidewalk,17
dessert,17
drizzle,17
kettle,17
countertop,17
tires,17
crazy,17
sport,17
wait,17
air,17
controllers,17
thanks,17
frame,17
eat,17
pouring,17
messing,17
start,17
lighted,17
casting,17
photos,17
cabinets,17
tails,17
doll,17
mans,17
riders,17
ledge,17
mountain,17
benz,17
retriever,17
throwing,17
packers,17
rearview,17
medieval,17
renaissance,17
bbq,17
teddybear,17
397,17
steam,17
parasol,17
pulled,16
baskets,16
haha,16
school,16
lil,16
else,16
cauliflower,16
multiple,16
cest,16
style,16
flowered,16
stuck,16
action,16
bronze,16
pillow,16
ppl,16
petted,16
posters,16
pc,16
computers,16
limes,16
pajamas,16
point,16
mattress,16
animals,16
robes,16
bushes,16
lab,16
band,16
khakis,16
fridges,16
closing,16
argyle,16
alley,16
chick,15
peas,15
turn,15
get,15
made,15
compartment,15
question,15
thats,15
circular,15
cans,15
lunchbox,15
jordan,15
sprinkles,15
partially,15
hauling,15
touch,15
grabbing,15
strange,15
fancy,15
cheesecake,15
profile,15
driver,15
they're,15
tag,15
toys,15
armchair,15
guess,15
macbook,15
movie,15
buddhist,15
bare,15
tattoos,15
racer,15
jean,15
soldiers,15
overweight,15
wiimote,15
grilling,15
zipped,15
4x4,15
take,14
etc,14
divided,14
hard,14
were,14
chicken,14
wit,14
awesome,14
followed,14
city,14
semi,14
object,14
friend,14
crossed,14
tricycle,14
microphone,14
forward,14
bikers,14
engine,14
might,14
nintendo,14
dining,14
brunette,14
tablet,14
nose,14
macarons,14
belly,14
shows,14
b,14
aged,14
deck,14
balcony,14
safety,14
chubby,14
puppy,14
arrow,14
refrigerators,14
winter,14
catch,14
\,13
shiny,13
veg,13
stars,13
split,13
platter,13
circle,13
new,13
triangle,13
sprinkled,13
kinda,13
past,13
metro,13
opened,13
along,13
pancake,13
photographer,13
o,13
wheeler,13
angle,13
saddle,13
fedora,13
blur,13
cruiser,13
antique,13
chrome,13
unloading,13
im,13
brownish,13
hotel,13
sad,13
smile,13
bib,13
closest,13
peels,13
done,13
machine,13
pig,13
cover,13
dog's,13
speaking,13
strapped,13
jump,13
falling,13
chess,13
motorcross,13
obese,13
lined,13
diaper,13
antenna,13
thumb,12
halloween,12
pet,12
sectional,12
pancakes,12
newspaper,12
liquid,12
lower,12
rectangle,12
tell,12
moto,12
v,12
slightly,12
powder,12
santa,12
nobody,12
boots,12
fixing,12
backwards,12
orangish,12
television,12
curtains,12
leg,12
bit,12
body,12
rust,12
wire,12
surface,12
solo,12
cords,12
faces,12
pen,12
smartphone,12
lemon,12
decorating,12
pjs,12
than,12
stick,12
teenager,12
naked,12
oriental,12
twins,12
put,12
spooning,12
home,12
letter,12
hiding,12
teddies,12
newborn,12
catching,12
kitty,11
rectangular,11
believe,11
d,11
surrounding,11
1st,11
magazine,11
bigger,11
underneath,11
say,11
direction,11
submit,11
print,11
busses,11
buy,11
roof,11
darker,11
bday,11
holder,11
trike,11
pretty,11
crouched,11
hae,11
tire,11
am,11
fender,11
delivery,11
number,11
candy,11
th,11
would,11
pale,11
yet,11
mountains,11
blouse,11
aerial,11
ears,11
patting,11
person's,11
focus,11
spraying,11
cola,11
pigtail,11
ginger,11
shes,11
player,11
year,11
females,11
blazer,11
mexican,11
eye,11
beanie,11
symbol,11
magnet,11
lighting,11
suite,11
surfer,11
plane,11
item,10
curry,10
veggie,10
shape,10
korean,10
chili,10
rolled,10
multicolored,10
besides,10
motorcyclist,10
shining,10
paint,10
dump,10
camper,10
hit,10
mom's,10
inbetween,10
pastries,10
questions,10
dirty,10
layer,10
wheeled,10
building,10
probably,10
sat,10
objects,10
bad,10
day,10
sunlight,10
lone,10
pocket,10
clean,10
funny,10
headlights,10
figure,10
area,10
sofas,10
lamps,10
shed,10
cushion,10
mr,10
benches,10
passed,10
napping,10
peel,10
pad,10
someones,10
packets,10
mcmuffin,10
balls,10
cookies,10
plush,10
frig,10
read,10
knees,10
stretched,10
sleep,10
strap,10
digital,10
handlebars,10
attaching,10
barrow,10
ship,10
service,10
gentleman,10
gal,10
pinstripe,10
slouched,10
dotted,10
tshirts,10
pretending,10
frilly,10
bandana,10
flying,10
cant,10
dishing,10
towel,10
japanese,10
rolling,10
packing,10
swimming,10
roskill,10
locomotive,10
lotion,10
silverware,9
covering,9
shredded,9
doesn't,9
e,9
checking,9
headlight,9
vans,9
tractor,9
shown,9
stationary,9
curb,9
painted,9
kk,9
tour,9
sweet,9
highway,9
directly,9
edges,9
photographing,9
shop,9
display,9
7,9
know,9
yo,9
letting,9
arches,9
floors,9
footstool,9
outdoors,9
sprinkle,9
headed,9
granny,9
creepy,9
sloppy,9
patio,9
brownie,9
coca-cola,9
gaming,9
who's,9
herself,9
cam,9
bush,9
selling,9
blues,9
shoulders,9
cammo,9
asians,9
hispanic,9
rocky,9
football,9
steps,9
smirking,9
tutu,9
sniffing,9
splashed,9
passengers,9
wok,9
clicking,9
underground,9
fan,9
scout,9
worker,9
fighting,9
gorilla,9
flags,9
leaves,8
bookcase,8
setting,8
toppings,8
need,8
citrus,8
peaches,8
fry,8
placemat,8
check,8
will,8
possibly,8
topped,8
foam,8
policemen,8
track,8
cross,8
decoration,8
raised,8
choco,8
mugs,8
raspberry,8
glaze,8
factory,8
gone,8
hooked,8
6,8
wears,8
digging,8
cowboy,8
lifted,8
happen,8
sideview,8
similar,8
size,8
panel,8
formal,8
8,8
match,8
columns,8
six,8
tops,8
adults,8
cluttered,8
pda,8
wireless,8
teen,8
itself,8
potato,8
boring,8
papers,8
describe,8
ona,8
everywhere,8
c,8
ceiling,8
wiping,8
wide,8
wavy,8
listening,8
shaved,8
trains,8
bicycles,8
chin,8
buggy,8
firewood,8
seating,8
sea,8
divers,8
curtain,8
watches,8
exact,8
fatigues,8
eaters,8
smiley,8
close-up,8
students,8
macbooks,8
upright,8
harness,8
lineup,8
chef,8
skillet,8
tiled,8
paddle,8
comb,8
briefcase,8
peaking,8
handles,8
chipmunk,8
sweeper,8
pov,8
interviewed,8
forkful,7
shelf,7
tupperware,7
art,7
salsa,7
chopsticks,7
sectioned,7
foods,7
noodle,7
system,7
utensils,7
mat,7
ha,7
rim,7
wth,7
sticking,7
sushi,7
i'll,7
hmm,7
barely,7
public,7
multi-colored,7
passenger,7
move,7
cyclist,7
hole,7
creamer,7
ask,7
solid,7
topping,7
removed,7
tint,7
thought,7
package,7
motion,7
modern,7
goldish,7
disposable,7
stoplight,7
thingy,7
lettering,7
uhaul,7
rocks,7
firetrucks,7
cases,7
wipers,7
nothing,7
industrial,7
livingroom,7
paneling,7
takes,7
poster,7
overlooking,7
pair,7
dimly,7
desserts,7
gut,7
highchair,7
owner,7
keeping,7
ahead,7
beverage,7
latte,7
micky,7
cappuccino,7
drunk,7
lid,7
shelves,7
appliances,7
sink,7
coca,7
woman's,7
ponytails,7
lavender,7
telephone,7
strips,7
tinted,7
swimsuit,7
handstanding,7
headstand,7
ar,7
prepping,7
lampshade,7
lifejacket,7
speed,7
massive,7
vespa,7
topless,7
trunks,7
dole,7
colour,7
graphic,7
competition,7
potatoes,7
casserole,7
corn,7
commercial,7
liter,7
employee,7
burgundy,7
magnetic,7
sanuk,7
porch,7
toothbrushes,7
mote,7
mii,7
shooter,7
tarmac,7
vegetable,6
decorated,6
arranged,6
oblong,6
taller,6
childs,6
describing,6
rest,6
fuzzy,6
challah,6
flashing,6
isn't,6
funky,6
turquoise,6
ot,6
concrete,6
bicyclist,6
cute,6
tart,6
powered,6
anything,6
drizzled,6
partly,6
cardboard,6
china,6
diner,6
monster,6
mic,6
shoe,6
searching,6
sunny,6
blk,6
asked,6
indoors,6
dragging,6
care,6
zebra,6
lowrider,6
distance,6
firefighters,6
partial,6
name,6
confetti,6
ottoman,6
loveseat,6
wrong,6
guitar,6
afghan,6
pics,6
flooring,6
extended,6
tile,6
dim,6
reflective,6
desert,6
hill,6
ladys,6
denim,6
unfinished,6
calzone,6
straight,6
key,6
spots,6
keys,6
wired,6
baked,6
10,6
metallic,6
candies,6
hootsen's,6
smoothie,6
running,6
bundle,6
figurine,6
character,6
weenie,6
stacks,6
bout,6
teenage,6
sippy,6
buddha,6
knee,6
trouser,6
most,6
load,6
bin,6
wheelbarrow,6
images,6
collared,6
splash,6
guard,6
chopping,6
dive,6
skin,6
skinned,6
camouflage,6
reporter,6
own,6
real,6
interview,6
sleepy,6
emblem,6
blueish,6
labrador,6
chain,6
cali,6
pom,6
2303,6
yea,6
smock,6
security,6
sweatband,6
removing,6
olive,6
husband,6
parlor,6
hue,6
mio,6
rubber,6
photography,6
stickers,6
x,6
mailbox,6
bows,6
costco,6
woodchuck,6
passes,6
39t,6
39,6
marta,6
mit,6
ordering,6
avatar,6
party,6
atari,6
brother,6
potted,6
poo,6
picking,5
bland,5
human,5
beats,5
drawing,5
dividers,5
stew,5
kimchi,5
parts,5
wrapped,5
chips,5
string,5
sandwiches,5
pea,5
holds,5
talked,5
orders,5
chilli,5
utensil,5
ca,5
curve,5
turning,5
walk,5
seethala,5
storage,5
leaving,5
structure,5
hut,5
rv,5
ah,5
reach,5
accents,5
moms,5
want,5
problem,5
borders,5
tractors,5
scoop,5
packet,5
odd,5
pant,5
saddlebags,5
baggage,5
harley,5
trimmed,5
surrounded,5
refresh,5
crosswalk,5
pump,5
correct,5
should,5
ride,5
you're,5
boulders,5
womans,5
post,5
flatbed,5
gum,5
completely,5
piled,5
cones,5
may,5
recliners,5
ways,5
saw,5
sized,5
bagels,5
deserts,5
holing,5
booths,5
liquor,5
sub,5
curled,5
propped,5
paws,5
tabby,5
cats,5
rose,5
emo,5
withe,5
snacks,5
printed,5
mouses,5
don,5
axii,5
f,5
cocktail,5
skinny,5
ipad,5
notebook,5
leaf,5
r,5
counters,5
unlit,5
stuffing,5
fountain,5
7up,5
buttons,5
spread,5
meant,5
pull,5
animal's,5
receiver,5
sleeper,5
earbuds,5
music,5
biting,5
trousers,5
hidden,5
cropped,5
sock,5
longsleeve,5
long-sleeved,5
banner,5
pointy,5
woods,5
dock,5
rescue,5
mother's,5
mothers,5
cheesy,5
blown,5
latino,5
team,5
wrap-around,5
flowery,5
link,5
cradling,5
saying,5
guide,5
carried,5
pajama,5
offered,5
ridden,5
statute,5
tattooed,5
elevated,5
barrier,5
rails,5
bluish,5
help,5
photographed,5
mustache,5
baking,5
entire,5
retro,5
flats,5
pushing,5
shooting,5
ish,5
bodysuit,5
bobbing,5
toothbrush,5
finger,5
operating,5
pillar,5
smoke,5
suzuki,5
chevy,5
scrap,5
signal,5
belt,5
said,5
playstation,5
stereo,5
galaga,5
college,5
hallway,5
alleyway,5
bangs,5
canisters,5
visor,5
peeled,5
somebody,5
gothic,5
cooks,5
nearer,5
checkers,5
fish,4
lettuce,4
make,4
bookshelves,4
salads,4
spinach,4
girl's,4
pin,4
palte,4
somehting,4
tins,4
nuts,4
=,4
roll,4
servings,4
times,4
various,4
shallow,4
these,4
olives,4
raw,4
pieces,4
tons,4
garnish,4
tolled,4
wrecker,4
buss,4
anymore,4
wathura,4
h,4
following,4
submitting,4
ad,4
windshield,4
lets,4
biking,4
fruitcake,4
uncut,4
dusted,4
decorations,4
camara,4
label,4
cuts,4
custom,4
sets,4
interesting,4
except,4
extra,4
greyish,4
tilted,4
cadillac,4
inspecting,4
carrier,4
shopping,4
crotch,4
rocket,4
puppies,4
perfect,4
sits,4
schepp's,4
fighters,4
mustard,4
fashioned,4
busy,4
scheppa,4
glued,4
ave,4
int,4
paneled,4
folks,4
cone,4
footrest,4
seem,4
redish,4
monitors,4
backyard,4
stiped,4
entryways,4
guessing,4
stripey,4
plan,4
entry,4
nd,4
forefront,4
identical,4
shades,4
raising,4
redhead,4
checkbook,4
lounging,4
bold,4
peeling,4
cheeks,4
trackpad,4
faced,4
anyway,4
shut,4
laps,4
placed,4
blank,4
been,4
riser,4
tho,4
:(,4
ramen,4
macaron,4
parfait,4
truffles,4
crumbled,4
crumbles,4
device,4
wht,4
steak,4
slushie,4
squash,4
cupcake,4
muffins,4
kitten,4
ou,4
[,4
displaying,4
foil,4
aluminum,4
scrubbing,4
darkly,4
clutter,4
expensive,4
pop,4
elbows,4
twighlight,4
ion,4
fold,4
grown,4
earphones,4
gown,4
ghandi,4
boarding,4
grocery,4
sharing,4
instead,4
individuals,4
yu,4
short-sleeve,4
yay,4
bump,4
sirt,4
bmx,4
longsleeves,4
starting,4
sail,4
whats,4
apples,4
sailors,4
’,4
blow,4
sheets,4
womens,4
bites,4
must,4
reclining,4
necktie,4
t-shirts,4
males,4
cradled,4
necklace,4
spotted,4
spotty,4
tied,4
cape,4
armband,4
canvas,4
cannot,4
cutoff,4
motocross,4
chopped,4
cleavage,4
frying,4
crock,4
grannies,4
stirring,4
dropping,4
barbecue,4
chicks,4
wife,4
alphabets,4
hoody,4
trolley,4
handing,4
wrist,4
hunched,4
boogie,4
gigantic,4
kills,4
tooth,4
curbside,4
nipple,4
super,4
nametag,4
pinned,4
red-white,4
pencil,4
entrance,4
coal,4
eatting,4
smoking,4
minifridge,4
militar,4
lesbian,4
buying,4
redshirt,4
paver,4
wallpaper,4
cubicle,4
uh,4
projector,4
fps,4
cartoons,4
checkard,4
pplaying,4
attacking,4
transparent,4
batmobile,4
snooping,4
pilots,4
laughing,4
goatee,4
submitted,4
mb,4
backed,4
saute,4
comcast,4
leprechaun,4
grape,3
flakes,3
portion,3
dandelion,3
strings,3
arugula,3
dished,3
nect,3
init,3
slots,3
^,3
separated,3
fuzz,3
plus,3
stirfry,3
buckets,3
grapfruit,3
kit,3
mandarin,3
photograph,3
areas,3
mason,3
califlower,3
stir,3
finished,3
brats,3
least,3
hahaha,3
braided,3
call,3
chartreuse,3
roundabout,3
yello,3
multicolor,3
cab,3
lorry,3
dumpster,3
words,3
boxy,3
built,3
extension,3
royal,3
woodwich,3
yellow-orange,3
asking,3
characters,3
alongside,3
pedal,3
outfits,3
try,3
arabic,3
grab,3
layered,3
chunky,3
cutter,3
fourth,3
form,3
let's,3
miniature,3
corners,3
card,3
saucer,3
pates,3
swirls,3
galss,3
chef's,3
coated,3
slanted,3
attachment,3
rows,3
axels,3
tractor-like,3
spoiler,3
checker,3
ront,3
quickly,3
non,3
helmut,3
among,3
grassy,3
sportbike,3
replica,3
pumps,3
pockets,3
hips,3
souped,3
hotrod,3
1950s,3
exposed,3
haven't,3
walled,3
exiting,3
class,3
ambulance,3
engines,3
kiosk,3
sedan,3
buildings,3
dairy,3
best,3
figures,3
colourful,3
crane,3
refreshed,3
sorts,3
setup,3
guitars,3
age,3
burnt,3
including,3
plaing,3
wiimotes,3
tuft,3
dimpled,3
fabric,3
didn't,3
cusions,3
crate,3
armchairs,3
ago,3
tannish,3
gross,3
jave,3
ahh,3
column,3
frozen,3
rather,3
displayed,3
bunt,3
waist,3
eats,3
win,3
blong,3
oak,3
toast,3
captain,3
friends,3
fine,3
tangerine,3
boot,3
lonely,3
touchpad,3
fingers,3
owners,3
squinting,3
cat's,3
whitish,3
length,3
gree,3
sausage,3
tomatoe,3
however,3
menu,3
regular,3
saurkraut,3
backside,3
pifferoles,3
chocolates,3
mice,3
staw,3
generic,3
after,3
seeing,3
beared,3
dip,3
clunky,3
pint,3
monkey,3
whatever,3
plugged,3
we're,3
meals,3
cellphones,3
sunshine,3
doesnt,3
pans,3
candels,3
outstretched,3
homemade,3
presenting,3
rag,3
morning,3
hog,3
clip,3
thank,3
candelabra,3
shoving,3
messily,3
pine,3
rig,3
pigtailed,3
streak,3
laid,3
gir,3
ii,3
closet,3
send,3
facedown,3
dungarees,3
controls,3
foldout,3
talk,3
bech,3
give,3
minute,3
undershirt,3
main,3
goes,3
skating,3
ankle,3
transit,3
violet,3
purplish,3
caucasion,3
ma,3
bycle,3
heading,3
handed,3
swimwear,3
squatter,3
bars,3
shir,3
sleave,3
hooking,3
mounting,3
strapping,3
orang,3
possible,3
much,3
carying,3
bile,3
canister,3
handling,3
tatoos,3
btw,3
squatted,3
barrel,3
balancing,3
cycling,3
l,3
log,3
traditional,3
woodpile,3
preserver,3
lifevest,3
tux,3
highlighed,3
life-vest,3
kayaks,3
leaping,3
flipping,3
whitewater,3
diving,3
inflatable,3
lifeboat,3
naval,3
blackish,3
agin,3
cupcakes,3
cuffs,3
oops,3
half-eaten,3
stands,3
uniformed,3
polos,3
somethin,3
exit,3
ans,3
retreiver,3
previously,3
paid,3
chilling,3
robin,3
doggo,3
ihave,3
dounuts,3
happened,3
frizbe,3
whose,3
sounds,3
slouch,3
mane,3
bay,3
glowing,3
labtop,3
weiner,3
feathers,3
dres,3
cord,3
offering,3
wants,3
another's,3
one's,3
trail,3
brim,3
mark,3
native,3
heavyset,3
camoflage,3
easel,3
rubbing,3
stroking,3
already,3
zoo,3
wonman,3
washing,3
brown-skinned,3
mounted,3
ridding,3
biege,3
somone,3
kicking,3
every,3
office,3
unless,3
hmmm,3
ladel,3
light-colored,3
corning,3
ware,3
cob,3
excited,3
mitts,3
level,3
fellow,3
spatula,3
woan,3
products,3
employees,3
convention,3
model,3
language,3
japenese,3
abcs,3
ptz,3
sittin,3
graffiti,3
luggages,3
thru,3
shadows,3
even,3
shell,3
grin,3
folded,3
organizing,3
unpacking,3
rummaging,3
phot,3
musician,3
glow,3
longboard,3
text,3
swim,3
practicing,3
crow,3
sharkboard,3
trouni,3
less,3
bodyboarding,3
teddie,3
sucking,3
binky,3
teddys,3
bowtie,3
blazers,3
businessmen,3
backpacks,3
whizzing,3
bandanna,3
politician,3
general,3
baret,3
afc,3
truk,3
net,3
pose,3
catcher's,3
paving,3
tanker,3
cleans,3
flatscreen,3
came,3
sipping,3
desktop,3
pressing,3
lady's,3
fpov,3
palying,3
whiteboard,3
tone,3
clown,3
folding,3
stab,3
cardigan,3
hall,3
umb,3
everyone's,3
slicker,3
laughed,3
tarp,3
umbella,3
broc,3
cranberries,3
webs,3
salt,3
cooked,3
hope,3
fairing,3
snow,3
ketchups,3
ya,3
anyone,3
contraption,3
ore,3
waistcoat,3
oar,3
helmeted,3
tatted,3
preps,3
contents,3
joint,3
travel,3
pail,3
sandal,3
fans,3
live,3
clock,3
gotee,3
bored,3
turquise,3
carriage,3
power,3
tube,3
paperwork,3
cooling,3
70s,3
determined,3
landline,3
breakdancing,3
businessman,3
m,3
waves,3
chested,3
ribbons,3
gopher,3
runway,3
kale,2
assorted,2
tubs,2
phote,2
drawn,2
carrotts,2
hate,2
designed,2
orangy,2
consist,2
aobut,2
sperated,2
block,2
segment,2
chow,2
mein,2
styrofoam,2
elongated,2
mushrooms,2
let,2
change,2
celerey,2
cylinder,2
recipient,2
cylinders,2
unknown,2
grapefruits,2
italian,2
called,2
paisano's,2
ye,2
beans,2
tale,2
positano,2
actual,2
righ,2
tupperwares,2
slot,2
airline,2
rectangles,2
pastas,2
gla,2
herbs,2
leave,2
et,2
ba,2
greyed,2
drank,2
ton,2
boats,2
cony,2
yams,2
beet,2
chese,2
puffy,2
grated,2
hite,2
petals,2
bits,2
gunk,2
chees,2
tugged,2
squares,2
grren,2
light-green,2
centered,2
yellow-green,2
backend,2
barrels,2
transport,2
iwht,2
haul,2
onward,2
shipping,2
connected,2
traveling,2
e'est,2
turquiose,2
fixture,2
markings,2
behi,2
schoolbus,2
bud,2
unfrosted,2
glad,2
hovering,2
gravy,2
powderd,2
spilled,2
sparkle,2
thick,2
folk,2
bithday,2
11,2
digger,2
bulldozer,2
jelly,2
pound,2
godivia,2
scone,2
moved,2
scones,2
cream-colored,2
angel,2
confirm,2
1/2,2
modified,2
tryke,2
helps,2
thumbs,2
sportscar,2
wering,2
mouthpiece,2
biycle,2
patch,2
ther,2
slow,2
postion,2
barade,2
coffe,2
suv's,2
suvs,2
fo,2
scherpps,2
restored,2
movers,2
fully,2
stepping,2
unboxing,2
auto,2
filed,2
africa,2
12,2
silver-colored,2
blocking,2
brick,2
rusty,2
mustang,2
ahe,2
junky,2
lugage,2
went,2
trinkets,2
suspended,2
vw,2
literally,2
briefcases,2
world,2
patches,2
tw,2
pane,2
shawl,2
reclinder,2
hdtv,2
tacky,2
dimples,2
lazy,2
habe,2
sofar,2
crt,2
highly,2
furnitures,2
vroom,2
somewhat,2
worries,2
slatted,2
pastel,2
doorways,2
pages,2
wat,2
lcd,2
although,2
couchs,2
couche,2
king,2
means,2
paisly,2
rooms,2
archways,2
pillars,2
isnt,2
entrances,2
donut-shaped,2
hace,2
pedestal,2
cuting,2
pastry's,2
redheaded,2
nearly,2
casually,2
resturaunt,2
strapless,2
sexy,2
ends,2
cables,2
beverages,2
wodden,2
lighter,2
tumbler,2
pealing,2
booster,2
america,2
coloured,2
areal,2
|4,5|,2
snackbowl,2
bo,2
plants,2
forehead,2
led,2
pay,2
soul,2
mad,2
buckle,2
mousepad,2
scared,2
bot,2
booting,2
grandma,2
highli,2
shaggy,2
medium,2
blondish,2
rust-colored,2
lefthand,2
hung,2
messed,2
dunking,2
cheeseburger,2
dd,2
nevermind,2
none,2
dount,2
puffs,2
ddog,2
htodog,2
#,2
excellent,2
mess,2
frothy,2
broken,2
dounts,2
treats,2
pilled,2
patties,2
sweets,2
mold,2
munchkins,2
es,2
ont,2
symbols,2
cuo,2
bluie,2
minnie,2
pepperoni,2
omelet,2
puff,2
croissant,2
glaxed,2
hootsens,2
hootens,2
darn,2
bendy,2
rings,2
draw,2
aji,2
job,2
bruschetta,2
keep,2
comp,2
tape,2
chats,2
disappeared,2
present,2
plat,2
latop,2
nos,2
tangle,2
peoples,2
crystal,2
icon,2
netflix,2
cells,2
charged,2
usb,2
hub,2
classroom,2
3d,2
takeout,2
lates,2
save,2
shall,2
oldschool,2
darkened,2
shelve,2
spider,2
woodtop,2
4-5,2
womand,2
birthcake,2
b-day,2
spray,2
cleaner,2
wipe,2
spices,2
collored,2
refrigertor,2
why,2
fidge,2
maker,2
refridgerator,2
bog,2
spag,2
¡,2
fruti,2
flwoers,2
ect,2
anad,2
agan,2
well-lighted,2
countertops,2
yed,2
candleabra,2
gave,2
fright,2
windo,2
yellows,2
piza,2
soft,2
returns,2
lating,2
blone,2
whoman,2
booties,2
waering,2
mirrow,2
haircut,2
shorter,2
reflecting,2
covers,2
po,2
halfway,2
matress,2
pullout,2
ups,2
doggies,2
bear's,2
piglet,2
pj's,2
oversized,2
gesturing,2
hindu,2
hindi,2
lmao,2
trian,2
garment,2
budda,2
bhudist,2
scateboarding,2
aguy,2
wate,2
onei,2
watter,2
tank-top,2
camer,2
digi,2
loooking,2
sin,2
course,2
bycicle,2
didnt,2
tanned,2
gets,2
butane,2
racks,2
genes,2
adjusting,2
hand-stand,2
handstands,2
trick,2
kakhi,2
somethings,2
jug,2
such,2
jugs,2
cannisters,2
sporting,2
yess,2
fella,2
professional,2
marked,2
marathon,2
tights,2
gy,2
conic,2
tuxedo,2
banister,2
raling,2
dressing,2
cruise,2
highlighter,2
waiter,2
poing,2
canoo,2
kiyak,2
pictur,2
kyack,2
lake,2
overturned,2
withthe,2
alrighty,2
national,2
helmt,2
climing,2
mand,2
wetsuits,2
outlined,2
edging,2
edged,2
librarians,2
cak,2
usa,2
],2
fixed,2
blew,2
mound,2
volcano,2
behined,2
shisrt,2
horizontal,2
tread,2
aboard,2
navys,2
duo,2
buddies,2
whriting,2
dark-skinned,2
dark-skin,2
guying,2
handwriting,2
stones,2
cpe,2
097,2
jacketed,2
ids,2
dark-haired,2
kis,2
couldn't,2
soccor,2
domut,2
teo,2
outisde,2
stair,2
mercedes-benz,2
kr,2
6969y,2
message,2
headshot,2
goofy,2
pinstriped,2
pone,2
pullover,2
frisby,2
freesbi,2
frisbe,2
sloucher,2
attire,2
slumping,2
unbuttoned,2
inred,2
could,2
recording,2
trio,2
swing,2
colorfull,2
christmas,2
greay,2
macs,2
adn,2
tees,2
everyone,2
spectacles,2
lieing,2
retrever,2
tipping,2
feed,2
dong,2
–,2
wanting,2
checkerboard,2
shi,2
adog,2
forearms,2
pomerian,2
ruffle,2
ruffles,2
feeds,2
aisle,2
bull,2
pup,2
mix,2
other's,2
told,2
prominent,2
elaphant,2
whiite,2
leading,2
in-front,2
red-and-black,2
underside,2
elephan,2
shift,2
wristband,2
packpack,2
preserve,2
enclosure,2
blonde's,2
sprayed,2
pond,2
use,2
open-mouthed,2
watering,2
elephent,2
umm,2
stading,2
carriers,2
makes,2
skull,2
ornge,2
spectators,2
angled,2
hof,2
dirtbiker,2
mirroe,2
clouds,2
rider's,2
reason,2
motocyle,2
motorcylist,2
sheriff,2
renessaince,2
y,2
slight,2
list,2
lat,2
fatty,2
partner,2
prson,2
pudgy,2
alike,2
flourescent,2
motorbikes,2
ith,2
kiddie,2
costumes,2
kitchen-one,2
range,2
headban,2
rake,2
remove,2
grillin,2
gonna,2
acting,2
cooler,2
warmer,2
missed,2
famous,2
adding,2
upward,2
long-sleeve,2
brightly,2
mag,2
pr,2
plz,2
holdin,2
shal,2
uy,2
unzipped,2
nxt,2
na,2
eh,2
re,2
otherwise,2
ina,2
dufflebag,2
grasping,2
book-stand,2
cast,2
purpe,2
dj,2
mixing,2
williams,2
suitman,2
anywhere,2
tip,2
boar,2
stadning,2
vertical,2
russell,2
sufrboards,2
facial,2
trauni,2
sitted,2
legged,2
remaining,2
bord,2
pasty,2
simply,2
welcome,2
boogieboards,2
stomachs,2
stairs,2
paci,2
sleepin,2
pacifer,2
instructions,2
mixed,2
assume,2
sandwiched,2
baldy,2
boyscout,2
shild,2
fleece,2
buck,2
toothed,2
bucktoothed,2
toothbrush-wielding,2
teeth,2
tackled,2
uncomfortably,2
gentlemen,2
priority,2
docked,2
profil,2
hip,2
whiye,2
warmly,2
roller,2
rolly,2
pruple,2
speaker,2
orage,2
shakinghands,2
shacking,2
donation,2
pear,2
basketball,2
sneakers,2
chasing,2
fireman,2
eith,2
bllue,2
runs,2
red-haired,2
tankard,2
roads,2
oange,2
wand,2
antena,2
fishing,2
chewing,2
smug,2
flashlight,2
pressed,2
aiming,2
tvs,2
foward,2
designing,2
creator,2
gane,2
crowded,2
waching,2
gamer,2
highlited,2
chat,2
diamond,2
riverside,2
skeleton,2
holfing,2
dang,2
fight,2
brothers,2
umbrlla,2
mannequin,2
allyway,2
obscured,2
polka-dot,2
sticks,2
divider,2
veges,2
tomatos,2
motrocycle,2
est,2
equipment,2
scoops,2
tricyle,2
sack,2
saddlebag,2
:-),2
backgrou,2
pullcar,2
beat,2
queen,2
backof,2
hills,2
lazily,2
empties,2
axh,2
wuth,2
couple's,2
pf,2
songs,2
litlle,2
railway,2
bottled,2
rollerskating,2
humans,2
fatigue,2
greenshirt,2
selection,2
ballcap,2
teenagers,2
discussed,2
shrit,2
cloths,2
feeder,2
hot-dog,2
beagle,2
pj,2
hind,2
jack,2
brimmed,2
grazing,2
yuo,2
fleet,2
ladle,2
cook,2
pallet,2
somethi,2
contains,2
lend,2
tinge,2
two-piece,2
fiving,2
repeat,2
hues,2
wording,2
beefy,2
short-sleeved,2
amtrak,2
overcoat,2
timey,2
lifing,2
handshake,2
wi-remote,2
videogame,2
played,2
mob,2
slivers,2
toawards,2
towtruck,2
orand,2
stil,2
miliary,2
pwdered,2
northeast,2
rod,2
semi-looking,2
scheppe,2
bolstered,2
bookshelfs,2
combo,2
bordered,2
conical,2
holdign,2
given,2
;),2
momma,2
elepant,2
elep,2
observation,2
elepants,2
45,2
degree,2
streetbike,2
victorian,2
smok,2
stui,2
ty,2
separatly,2
shofa,2
beneath,2
lookign,2
catchers,2
firefighter,2
machinary,2
configuring,2
aquarium,2
poke,2
dote,2
stringy,1
twigs,1
basically,1
dandellion,1
forkfull,1
material,1
leefy,1
dandelions,1
onion,1
entries,1
negative,1
circles,1
tougher,1
brussel,1
sprouts,1
tub,1
ham,1
wedge,1
toms,1
broccolii,1
decorate,1
ted,1
hos,1
portrays,1
product,1
choices,1
boul,1
divisons,1
portions,1
rich,1
disk,1
chopstick,1
three-piece,1
three-compartment,1
nest,1
three-section,1
accompany,1
tripartite,1
types,1
starvation,1
feels,1
squarish,1
partitions,1
stu,1
sizes,1
celerary,1
grappefruit,1
containers--one,1
containers-one,1
halved,1
celeray,1
hsve,1
cylynders,1
random,1
switched,1
beh,1
pomegranete,1
pomegranate,1
peanuts,1
total,1
situation,1
citrius,1
anyways,1
paisanos,1
dsalad,1
nad,1
cards,1
meaty,1
menus,1
coaster,1
againg,1
carotts,1
som,1
benmtoo,1
comparents,1
ec,1
carrotte,1
yel,1
chineses,1
vegitables,1
tomato's,1
pods,1
sandwichnn,1
rectangullar,1
dsh,1
forth,1
partition,1
diffe,1
find,1
cucumbers,1
chicjen,1
lie,1
birds-eye,1
perspective,1
sound,1
bowllooks,1
frnch,1
herb,1
chineese,1
ia,1
bolws,1
beef,1
hurry,1
squire,1
matt,1
jat,1
disch,1
pla,1
disc,1
seafood,1
containing,1
stir-fry,1
nthem,1
bacvk,1
vegtabels,1
vegatables,1
medetaranian,1
chowmein,1
shakers,1
jumble,1
subs,1
dos,1
hots,1
sausages,1
conatainer,1
franks,1
sogs,1
trey,1
cony's,1
ugh,1
knotted,1
cranberry,1
halla,1
fryes,1
filngers,1
fis,1
hollandaise,1
sauch,1
largew,1
withgreen,1
yourgreen,1
smh,1
plare,1
shreds,1
cilinders,1
vegs,1
finallyh,1
flash,1
flashes,1
ehite,1
whitevan,1
htat,1
ploce,1
wee,1
motorcycl,1
ahhh,1
sirens,1
ur,1
remaing,1
flashy,1
downing,1
orangebus,1
there'sa,1
thingie,1
european,1
mellow,1
angles,1
colorss,1
soothala,1
fail,1
grille,1
greean,1
mulit,1
dye,1
follower,1
wathrua,1
colorized,1
behin,1
toing,1
doubel,1
dbl,1
itmay,1
trucking,1
tier,1
doule,1
tourbus,1
wasn't,1
c'estcheese,1
sliding,1
iea,1
approaching,1
housestructure,1
addition,1
eblue,1
cyan,1
blue-painted,1
houst,1
hippie,1
hippe,1
expansion,1
wooded,1
woden,1
ficture,1
llght,1
housing,1
frontof,1
destination,1
listed,1
#178,1
bux,1
tot,1
truck-y,1
awua,1
err,1
stamp,1
ike,1
foodtruck,1
sells,1
trashcans,1
rt,1
oming,1
dir,1
torwards,1
orabge,1
redbus,1
trust,1
grew,1
yellow-looking,1
mortocycle,1
aproaching,1
rural,1
we've,1
parallel,1
green-sleeved,1
bikcyle,1
showed,1
gorl,1
seea,1
ccake,1
mum,1
reopening,1
queue,1
tries,1
cakewith,1
25,1
%,1
roger,1
shoot,1
hear,1
lumps,1
lumpy,1
lump,1
upsidedown,1
undecorated,1
levitating,1
used,1
slicer,1
gravey,1
berry,1
ansome,1
fuite,1
cobbler,1
suger,1
clothe,1
strawberries,1
sprilled,1
stawberry,1
syurp,1
choclolat,1
in-between,1
moose,1
unused,1
chocloate,1
candless,1
b'day,1
blazing,1
cnadles,1
frost,1
site,1
oldman,1
caterpillar,1
theamed,1
hangs,1
dumptrucks,1
picuture,1
photograher,1
themed,1
classes,1
creame,1
icrecream,1
chooclate,1
hice,1
yeellow,1
godaiva,1
unifinished,1
zoomed,1
peice,1
pieace,1
brwon,1
crumbs,1
boxbehind,1
wrapping,1
godive,1
1.cake,1
residue,1
pour,1
buttercream,1
crum,1
ketttle,1
powedered,1
elements,1
sunday,1
chococlate,1
2.half,1
cutlery,1
knnife,1
chocolae,1
chocholate,1
icecreams,1
sppon,1
butter,1
please,1
process,1
sponge,1
granite,1
laf,1
caake,1
absolutely,1
amazing,1
mororcycle,1
traile,1
chopper,1
configuration,1
fivce,1
unusual,1
customized,1
cutom,1
whels,1
moeorcycle,1
checkeres,1
hemelt,1
yopu,1
agreed,1
blaid,1
fllannel,1
motorsysle,1
wore,1
oyou,1
towel-looking,1
motorcylcle,1
glaasess,1
equipped,1
bullet,1
dope,1
okking,1
stooped,1
tilts,1
motorcycle's,1
wher,1
satchel,1
cadelac,1
pitcure,1
sideeways,1
neatly,1
mowed,1
immediately,1
ofother,1
canbe,1
motors,1
glaring,1
bakced,1
pictu,1
ferrari,1
blike,1
motorcyle,1
parks,1
surronded,1
spaces,1
prking,1
prked,1
bide,1
policman,1
thie,1
kickstand,1
crown,1
puling,1
racecar,1
correction,1
froze,1
mini-car,1
ok_,1
pullin,1
iy,1
boke,1
abiker,1
kid's,1
parket,1
fro,1
scale,1
kickstan,1
one-how,1
tto,1
cofefe,1
hellow,1
directiom,1
pipes,1
sta,1
fill,1
blackmotorcycle,1
drivers,1
inf,1
whitecar,1
rally,1
fashion,1
slick,1
tasty,1
hoodless,1
knick,1
nak,1
cube,1
loding,1
puffer,1
turck,1
mover,1
hatch,1
uhal,1
rare,1
no's,1
trcuks,1
reload,1
emergncy,1
havent,1
62,1
submint,1
fir,1
wicker,1
banannas,1
bannna,1
overcast,1
branching,1
looong,1
collector,1
duty,1
wind,1
woam,1
gain,1
camers,1
sliverish,1
d3,1
2537,1
minivan,1
fex,1
fedexes,1
impage,1
shcepps,1
sheppa,1
explains,1
schepra,1
scherpra,1
theblue,1
nik,1
naks,1
car.yes,1
figurines,1
bubble,1
rainbow-colored,1
diff,1
compact,1
consturction,1
wthat,1
ainsbough,1
max,1
abou,1
tyou,1
pads,1
kinds,1
windown,1
sunfilled,1
panes,1
stropped,1
single-chair,1
floow,1
wal,1
tvv,1
pinish,1
necked,1
att,1
afgan,1
firstp,1
chouch,1
sor,1
phonebooks,1
blanked,1
chairwith,1
panels,1
controlers,1
shurt,1
framed,1
sanding,1
nightstand,1
furnishings,1
reclined,1
indent,1
leater,1
cairs,1
tufted,1
farthest,1
poorly,1
furiture,1
chushions,1
blay,1
funiture,1
hardwood,1
ottomon,1
well-lit,1
automan,1
glider,1
lr,1
sparse,1
suede,1
detached,1
rests,1
slat,1
fabrics,1
grid,1
collage,1
winddows,1
furnitur,1
airy,1
loveseats,1
furniure,1
whoite,1
seater,1
couh,1
stripy,1
fgas,1
stropes,1
garden,1
squar,1
yard,1
dark-ish,1
firestone,1
microfiber,1
rocking,1
foots,1
froom,1
bathroom,1
formally,1
two-lamp,1
ce,1
set-up,1
runner,1
end-table,1
halways,1
living-room,1
wardrope,1
patterns,1
dresser,1
diffrent,1
posts,1
arch,1
openings,1
swirlly,1
swirl,1
bottoms,1
floored,1
pinkfloors,1
poorly-lit,1
windwo,1
cou,1
firework,1
sparker,1
sprikles,1
uhave,1
sparkles,1
budt,1
dounut,1
sparklers,1
forground,1
problem.pink,1
pizze,1
14,1
ladied,1
resaturant,1
doniuts,1
ahir,1
wineglass,1
drinker,1
glalss,1
toasting,1
tilting,1
restaurnt,1
peaple,1
sleepers,1
sllping,1
crashed,1
restuarant,1
dwon,1
restaurent,1
resurent,1
dess,1
smarthone,1
engaged,1
referring,1
onn,1
pinkplastic,1
greetings,1
ealier,1
tealight,1
alcoholic,1
samll,1
ap,1
blad,1
lptop,1
ovver,1
¸,1
america's,1
perfectt,1
airal,1
sparle,1
anoverhead,1
sse,1
ariel,1
dinng,1
hah,1
latpop,1
laptop's,1
bedspread,1
snack,1
keyboaud,1
sliver,1
abhout,1
stare,1
death,1
beady,1
kitten's,1
boarde,1
sup,1
startled,1
squinted,1
relaxed,1
rubbed,1
wiskers,1
anothe,1
keyboards,1
nope.black,1
specific,1
hpone,1
keypad,1
visable,1
piping,1
pilllows,1
seemingly,1
nogrey,1
uses,1
have...white/orange/gray,1
scaf,1
bug,1
gransma,1
clicker,1
rusted,1
coouch,1
mesh,1
visiable,1
external,1
unoccupied,1
cornre,1
mushed,1
burgewr,1
sandiwch,1
packages,1
beefburger,1
sticing,1
tpye,1
homeade,1
thing-yes,1
bisquet,1
tomoto,1
prink,1
cofeee,1
behond,1
pibk,1
incing,1
hhot,1
betwee,1
sourkrout,1
sour,1
kraut,1
manual,1
ilver,1
keyboarda,1
snmall,1
thata,1
macaroon,1
creampuffs,1
yi,1
ido,1
minchkins,1
macroon,1
macoroons,1
mickeyh,1
yees,1
stuiff,1
oni,1
wirg,1
micjey,1
habve,1
dmickey,1
olate,1
outlines,1
deer,1
ok-do,1
mushy,1
checerd,1
checkerd,1
soupy,1
uop,1
melted,1
tincup,1
mootsen's,1
hosten's,1
croisssant,1
boxed,1
whute,1
glaxzed,1
whuirte,1
cooffee,1
hoostens,1
late,1
milikshake,1
hoosten's,1
snad,1
hootsen,1
loks,1
emply,1
visibl,1
pict,1
whiute,1
hanfiogn,1
mickie,1
strwa,1
walked,1
forever,1
chileno,1
yep-do,1
condoment,1
sid,1
condiment,1
glitch,1
long-haired,1
map,1
juicy,1
drin,1
tapered,1
bananans,1
bananna,1
neither,1
yeeey,1
bannas,1
charger,1
whitelap,1
mackbook,1
youtube,1
vid,1
zinnia,1
zinnias,1
vage,1
3.no,1
cigars,1
laoptop,1
anf,1
coofee,1
muuffin,1
amouse,1
sindowns,1
starwberry,1
dell,1
waters,1
devices,1
lappto,1
chargining,1
binder,1
laptom,1
pros,1
coffeee,1
descibe,1
places,1
cause,1
circuit,1
wha,1
info,1
lapyops,1
motif,1
comps,1
nasty,1
ylu,1
rounded,1
windowsxp,1
garrage,1
shelving,1
break,1
bar.the,1
sbehind,1
leftef,1
centre,1
workroom,1
hitting,1
fern,1
yeloow,1
pantry,1
pizz,1
lauging,1
birthdat,1
laady,1
lade,1
bd,1
womn,1
behidn,1
kitchedn,1
gloved,1
counterop,1
supplies,1
sponging,1
yellow-gloved,1
fride,1
ditchen,1
annd,1
hatwhite,1
clutte,1
ron,1
redone,1
80s,1
remodeled,1
kithen,1
iisland,1
frdge,1
refridge,1
frontm,1
background---and,1
everything,1
dn't,1
litle,1
litte,1
thanku,1
booze,1
fuit,1
vases,1
fruitbowl,1
alchol,1
wines,1
sprinklers,1
drop,1
drip,1
tabel,1
sprinkiling,1
exactly,1
tabl,1
chocklate,1
centerpiece,1
stools,1
upscale,1
cancles,1
candelbra,1
designs,1
fit,1
eatint,1
black-ish,1
talbe,1
micro,1
basic,1
tans,1
wooman,1
laptopwoman,1
waman,1
vending,1
picktails,1
whew,1
womanw,1
gtail,1
icture,1
kicked,1
wearig,1
tddy,1
forget,1
pnly,1
shoqing,1
owmen,1
ltop,1
poohs,1
winni,1
ay,1
oy,1
aove,1
matreess,1
alseep,1
jumpsuit,1
overed,1
dungerees,1
lyying,1
gild,1
ggame,1
retrievers,1
noses,1
stuffend,1
doll's,1
animls,1
stuffie,1
pociktbook,1
attractive,1
readin,1
dree,1
bood,1
benchreding,1
parkbench,1
ldy,1
bonde,1
san-wedge,1
30,1
weith,1
sand-wedge,1
oin,1
teenagerish,1
glances,1
whilst,1
glancing,1
iron,1
earphone,1
eledrly,1
canes,1
cance,1
enwspaper,1
greenery,1
leader,1
saffron,1
appeard,1
bacck,1
theground,1
sateboard,1
rode,1
skater,1
grey-haired,1
chatting,1
gray-haired,1
appear,1
talkingt,1
heair,1
te,1
elder,1
rin,1
lbue,1
0,1
ferry,1
urple,1
hang,1
sittign,1
apears,1
drapped,1
barefeet,1
bus-ish,1
hasve,1
purpleish,1
barefooted,1
dork,1
hasnt,1
wityh,1
onm,1
highlightd,1
cameras,1
caera,1
eback,1
i'd,1
andmand,1
cyclists,1
thig,1
shirless,1
lace,1
blond-haired,1
bathsuit,1
fist,1
swimgear,1
kinf,1
carraige,1
slee,1
shortsleeve,1
abike,1
alternate,1
attatching,1
hlmet,1
securing,1
inspected,1
storing,1
yes.he,1
ending,1
3547,1
vehcile,1
nex,1
dowm,1
onf,1
newspapers,1
allright,1
makeshift,1
jaket,1
poor,1
hasn't,1
kahkies,1
kahki,1
knaki,1
eyyyyy,1
bicylce,1
subwy,1
buus,1
gazing,1
hhow,1
probalne,1
cannister,1
here's,1
glame,1
too-small,1
silverish,1
whyite,1
smallish,1
miniture,1
snapping,1
btwn,1
bicyles,1
squawking,1
squating,1
tanking,1
jhim,1
photon,1
squzatting,1
crates,1
nope.kid,1
bask,1
fitted,1
ordange,1
cycler,1
finish,1
hemet,1
tried,1
refreshing,1
sidways,1
biathalon,1
indoor,1
tack,1
ang,1
beginning,1
protection,1
nattily,1
marker,1
racker,1
stray,1
patty,1
blocks,1
lodge,1
loges,1
fromof,1
boat's,1
gotten,1
formals,1
pandas,1
vesty,1
frint,1
rauk,1
thedre,1
lack,1
chicky,1
kayaking,1
spell,1
g2g,1
kyak,1
kanoo,1
kayka,1
fisher,1
dancing,1
katak,1
sufr,1
oragen,1
jenas,1
levi,1
flipped,1
referenced,1
helicopter,1
oat,1
hava,1
melmet,1
soilders,1
rope,1
baot,1
mast,1
culturally,1
insensitive,1
hay,1
noat,1
convertible,1
yatch,1
chile,1
oxygen,1
whote,1
groups,1
whites,1
two-candled,1
sheetcake,1
lady'es,1
lao,1
waches,1
iady,1
ceremony,1
lagged,1
gent,1
bowing,1
candel,1
pyramid,1
servicemen,1
aircraft,1
gathering,1
bkue,1
sholders,1
fudge,1
buffet,1
crumb,1
samples,1
yr,1
orange-like,1
rugby,1
babies,1
orrage,1
lottle,1
eatem,1
ake,1
jumpsuits,1
red-striped,1
landing,1
enlisted,1
coveralls,1
giys,1
exciting,1
wo,1
patriotic,1
behd,1
os,1
gutting,1
pphone,1
besided,1
messge,1
womman,1
lon,1
creepers,1
bussers,1
bblk,1
shiirts,1
st,1
dresses,1
doctor,1
phony,1
write,1
though.you,1
doi,1
favorites,1
manbeside,1
african-american,1
2with,1
landscaping,1
ve,1
phhone,1
legdge,1
meeter,1
citing,1
readers,1
sittting,1
bro,1
cellie,1
wh,1
shrubs,1
meteres,1
bricks,1
arock,1
legde,1
motorcyce,1
scoter,1
jerseies,1
fog,1
mc,1
answer,1
jersys,1
unis,1
mouthes,1
dunuts,1
aa,1
earing,1
pinnk,1
respectively,1
gals,1
ctattee,1
carr,1
blu,1
clad,1
volvo,1
disgusted,1
mercedez,1
heads,1
behing,1
guon,1
quite,1
crossig,1
stree,1
aother,1
walks,1
pedestrians,1
kr6969y,1
corssing,1
talks,1
hime,1
strait,1
camea,1
loounging,1
pin-striped,1
blkue,1
smiler,1
middle-aged,1
bown,1
died,1
via,1
taling,1
blackground,1
phon,1
frisco,1
tick,1
holdling,1
green-frisbee,1
frissbee,1
fribee,1
frieesbie,1
guesing,1
calling,1
mildly,1
longingly,1
havekids,1
matches,1
hacket,1
redd,1
hates,1
lg,1
ballcapped,1
reported,1
hatted,1
perhaps,1
pople,1
somethng,1
flowey,1
outsside,1
floweruch,1
hooding,1
cloroful,1
skulls,1
tuie,1
pacers,1
blck,1
shirty,1
abot,1
tiue,1
abd,1
packewrs,1
guyys,1
sittion,1
sweatshirts,1
macboks,1
bros,1
baige,1
couched,1
imacs,1
matcching,1
greyshirts,1
blueshirt,1
4th,1
bananaman,1
nap,1
chance,1
napper,1
return,1
kidns,1
thems,1
:P,1
users,1
4people,1
sit,1
yayt,1
cuddling,1
catman,1
dorky,1
laing,1
bluch,1
self,1
sweahshirt,1
coutch,1
daddy,1
siitting,1
teaching,1
sone,1
childrens,1
samre,1
chiuauha,1
ving,1
beer-drinking,1
catchup,1
drinkers,1
costumed,1
dyou,1
squirting,1
highlghted,1
custume,1
wool,1
toboggan,1
chiuhuahua,1
chihuaha,1
crading,1
pinchir,1
minpin,1
claifornia,1
sleeps,1
chiuhahua,1
chiuahua,1
ababy,1
owner's,1
boi,1
feathery,1
fur,1
yonger,1
tandog,1
feathered,1
leigh,1
lei,1
shirth,1
abottle,1
pok,1
polka-dots,1
dof,1
bull-dog,1
brack,1
pyjamas,1
muddy,1
plaids,1
console,1
jammies,1
white-ish,1
#2303,1
leash,1
2203,1
retriever-esque,1
pudding,1
nuetella,1
ibn,1
nuttle,1
ladywith,1
lapotop,1
watchign,1
i'vee,1
terrier,1
whine,1
fluffly,1
anon,1
disconnected,1
tieed,1
lephant,1
hoolding,1
perosn,1
cub,1
lean,1
elephnat,1
elepha,1
trailing,1
jacet,1
conveninet,1
clearest,1
sunhat,1
elehant,1
coloful,1
peron,1
envelope,1
elephhant,1
clorful,1
status,1
statues,1
yest,1
signs,1
popular,1
now-infamous,1
haird,1
attendants,1
thin,1
typo,1
apic,1
corwd,1
elpant,1
answers,1
toucher,1
elehpant,1
snout,1
pettign,1
trials,1
staue,1
tourhcing,1
packback,1
htink,1
elophant,1
bookbag,1
fencce,1
gate,1
ldo,1
shaded,1
aain,1
blnde,1
fencing,1
cage,1
elivated,1
eof,1
balconey,1
perch,1
playuing,1
wash,1
knleeling,1
linning,1
myt,1
feel,1
stalked,1
bath,1
bloudse,1
exploding,1
pettnig,1
beautiful,1
bob,1
ross,1
artwork,1
tree-looking,1
artistic,1
paiting,1
witgh,1
sense,1
heavier,1
shirt-no,1
kahaki,1
headwrap,1
sleveless,1
bacl,1
indront,1
drifting,1
tearing,1
33,1
grean,1
flinging,1
fenders,1
suited,1
bikem,1
drit,1
slinging,1
camere,1
owith,1
cuy,1
alst,1
diplaying,1
backbag,1
greenbike,1
moterxycle,1
skullcap,1
backback,1
isthe,1
family'i,1
buttondown,1
mirrored,1
recheck,1
duy,1
motorcyclr,1
hid,1
ladie,1
renesaince,1
constume,1
ren,1
low-cut,1
renaisance,1
costume-like,1
againest,1
flowing,1
dreadlocks,1
bklack,1
version,1
motorocycle,1
topleft,1
crew,1
roasted,1
glitched,1
loo,1
mybe,1
5c,1
ops,1
aligned,1
ehelmets,1
racers,1
fellas,1
linup,1
jacks,1
helmetes,1
guards,1
bald-headed,1
banded,1
repeated,1
transfering,1
wristwatch,1
complexion,1
scooper,1
potatos,1
dishware,1
grandmas,1
looked,1
casaroles,1
casarolles,1
hem,1
scraping,1
charm,1
baker,1
inove,1
ovens,1
stoves,1
faucet,1
stovetop,1
boiling,1
womyes,1
cooker,1
goods,1
loafs,1
black-haired,1
profiled,1
apon,1
carefully,1
roundish,1
extending,1
abouot,1
pudont,1
handler,1
poaddle,1
sleaves,1
chased,1
pictured,1
freezer,1
longsleeved,1
bbg,1
bbqing,1
hblack,1
blue-jeaned,1
shirt-sleeves,1
hvae,1
agagin,1
height,1
girlholding,1
regs,1
labels,1
refrig,1
oepen,1
manin,1
mistake,1
frigde,1
openign,1
freeze,1
refirgerator,1
ithe,1
piaaz,1
aproned,1
pguy,1
oranage,1
ceasars,1
pron,1
add,1
sprinling,1
spillig,1
cakelike,1
sale,1
womon,1
foreign,1
japense,1
baldish,1
mysterious,1
underarmor,1
exhaust,1
pain,1
long-sleebe,1
pigs,1
glases,1
pizzza,1
sitiing,1
spec,1
silly,1
alphabits,1
abc's,1
min,1
reads,1
becnh,1
tolder,1
outsi,1
handlke,1
gup,1
greenish-bluish,1
suitcas,1
doh,1
blue-purple,1
brush,1
tugging,1
handful,1
brishing,1
brushng,1
brshing,1
mint,1
hloding,1
soething,1
completly,1
saee,1
siting,1
crammed,1
half-zipped,1
sorting,1
kneeing,1
dsome,1
theman,1
repacking,1
adjustable,1
touches,1
tags,1
blac,1
loose,1
hers,1
pul,1
agina,1
stranding,1
stakeboard,1
yoou,1
wnoh,1
peerson,1
popo,1
tinting,1
wbikini,1
suftboard,1
her.red,1
acrrying,1
greensurfboard,1
iobn,1
bioke,1
jhelmet,1
yrd,1
sufting,1
gyu,1
yellwo,1
sunburst,1
behindn,1
goggles,1
skier,1
wonderful,1
cicycle,1
surfboared,1
sufrboard,1
sourfboard,1
position,1
detail,1
suurfboard,1
swinsuit,1
res,1
layinmg,1
dowen,1
bracelet,1
boad,1
sttripes,1
carpeted,1
shore,1
shoreline,1
oki,1
eged,1
hark,1
torso,1
bursting,1
snowboard,1
bhind,1
asian-looking,1
stiing,1
sandy,1
highltighed,1
carry,1
advertising,1
wuith,1
san,1
hairded,1
closer,1
walkiing,1
buddy,1
sth,1
fromlast,1
surfoard,1
uver,1
carrieng,1
orangeand,1
baords,1
bro's,1
bikinis,1
nam,1
sent,1
options,1
whitecap,1
outer,1
boatd,1
easier,1
prone,1
surboards,1
swiming,1
chiden,1
robbon,1
roadd,1
newbornw,1
years,1
chipped,1
shire,1
cr,1
thechild,1
ccar,1
deddy,1
pacifyer,1
slepping,1
doggie,1
tight,1
ties,1
littel,1
andn,1
babyholding,1
patternered,1
berars,1
beras,1
teddybears,1
antoher,1
man-sized,1
sandwinching,1
40s,1
lite,1
baer,1
xtra,1
xl,1
scard,1
shirt's,1
ribboned,1
purple-ish,1
tootbrush,1
chipmonk,1
bever,1
brushes,1
rodent,1
ouside,1
onesy,1
bby,1
florr,1
sick,1
bers,1
onhim,1
50,1
tackling,1
striper,1
frou-frou,1
herelady,1
red-and-white,1
nametagh,1
bowed,1
umbresllas,1
gray-suited,1
otger,1
firger,1
awkwardly,1
eastern,1
cellhone,1
cla,1
clasping,1
clasped,1
peope,1
wizzing,1
reflected,1
substation,1
prority,1
notepad,1
ewith,1
priotiy,1
hink,1
old-fashioned,1
caboose,1
olg,1
ling,1
ladyn,1
fon,1
drives,1
yellowy,1
pplwith,1
betweeen,1
teshirt,1
ogf,1
people's,1
entrace,1
hi-lit,1
reloaded,1
twic,1
rightand,1
rushes,1
somethinh,1
enjoying,1
reappears,1
freight,1
ols,1
ble,1
steamtrain,1
blury,1
traiin,1
old-looking,1
theme,1
today,1
jello,1
yellowtrain,1
unload,1
unloaded,1
found,1
dishwasher,1
weigh,1
minifride,1
lifiting,1
advanced,1
truc,1
somekind,1
generator,1
polit,1
tion,1
greeting,1
infront,1
gaain,1
simeone,1
huddled,1
salavation,1
slvatn,1
salvationarmy,1
oranfe,1
wolding,1
doy,1
leaned,1
peeps,1
gripping,1
fielding,1
cricket,1
glouse,1
basball,1
truckbed,1
suspenders,1
metalic,1
wreckage,1
pikup,1
mext,1
militars,1
umpreslla,1
agains,1
1967,1
agaisnt,1
leans,1
thowing,1
lesbians,1
customers,1
order,1
patronizing,1
sleved,1
whi,1
chillin,1
personel,1
frot,1
brownshirt,1
shrt,1
halterin,1
ofsome,1
spaghetting,1
streets,1
helme,1
attenna,1
anteana,1
antennea,1
fixin,1
grenn,1
panst,1
throw-up,1
chart,1
belted,1
youi,1
rabbit,1
tb,1
lenningh,1
antennae,1
swinging,1
womeon,1
screened,1
girs,1
1.same,1
atwo,1
hgolding,1
tyo,1
acrrot,1
comuter,1
pzza,1
tc,1
trqackball,1
trackball,1
fv,1
platstation,1
playsttion,1
blue-shirted,1
sungalsses,1
event,1
funner,1
controll,1
tuner,1
pinting,1
controlller,1
strongly,1
facingh,1
wrote,1
winow,1
project,1
shirtgreen,1
red-shirted,1
gyuy,1
lshirt,1
stero,1
blus,1
animation,1
9ing,1
tgime,1
ster,1
poiting,1
stan,1
creation,1
edit,1
tennise,1
took,1
keyboar,1
conference,1
plays,1
cimputer,1
peeople,1
bowling,1
vs,1
oyher,1
gamin,1
mispelled,1
aroubd,1
highschool,1
pizzs,1
eatinf,1
eater,1
optimus,1
prime,1
anain,1
non-highlight,1
freinds,1
transformers,1
fremote,1
wihh,1
wasnt,1
whearing,1
vomit,1
invader,1
spaceship,1
wii-controller,1
cd,1
edgy,1
terrifying,1
blue-hat,1
red-green,1
circus,1
brn,1
laft,1
rises,1
bronzed,1
tummy,1
raglan,1
un,1
unblrella,1
decorative,1
ubrella,1
bluena,1
wrangles,1
ouch,1
umbrell,1
umbrells,1
points,1
fending,1
alley-way,1
ubmrella,1
mask,1
sunglasesmask,1
checks,1
putple,1
flattered,1
uhh,1
yellow-ish,1
asian-style,1
parisol,1
all-blue,1
fr,1
eign,1
umber,1
la,1
salute,1
hving,1
:-D,1
oman,1
umrbella,1
cler,1
ponco,1
britian,1
britain,1
dou,1
brit,1
airplace,1
airpot,1
mlue,1
airpoty,1
airplaine,1
pocadot,1
japaneese,1
downward,1
aaaand,1
mainly,1
contatiners,1
ovals,1
forming,1
three-part,1
thirds,1
chop,1
soop,1
kiwi,1
cylindrical,1
luncheon,1
seprate,1
op,1
rimmed,1
dogsat,1
deal,1
fires,1
gotcha,1
cobb,1
petal,1
motocylist,1
walkway,1
motorboike,1
visor's,1
bac,1
walthura,1
wonder,1
outsdie,1
eest,1
say's,1
worded,1
confused,1
taxi,1
peddlebike,1
blue-green,1
chunks,1
ccloth,1
syup,1
powdersugar,1
agai,1
bulldozers,1
onit,1
untouched,1
deco,1
sngle,1
godviva,1
tines,1
sprinkes,1
teac,1
calk,1
drizzles,1
powdered-sugar,1
tri,1
details,1
blakc,1
lo,1
bikeer,1
thuis,1
mike,1
wbu,1
beniding,1
average,1
trainler,1
cherry,1
statio,1
interscetion,1
silve,1
asilver,1
lawn,1
imbrella,1
theyre,1
stiff,1
rainbow-sprinked,1
viewed,1
constrution,1
flower-patterned,1
armless,1
raggedy,1
tghe,1
furnityure,1
printing,1
couces,1
seee,1
flora,1
tiles,1
oging,1
bookcases,1
redbrown,1
ooden,1
wooden-like,1
viewer,1
longer,1
firplace,1
itt,1
theright,1
winows,1
somthng,1
bedding,1
vinyl-like,1
couach,1
afain,1
stant,1
featured,1
punk,1
someting,1
dessert's,1
llady,1
scardf,1
redshirts,1
gather,1
included,1
marking,1
cambra,1
elbow,1
orrange,1
heaven,1
grate,1
hambueger,1
eggmcmuffin,1
egsandwhich,1
om,1
chocalate,1
craving,1
fronto,1
dint,1
jam,1
bacon-bagel,1
logos,1
moust,1
southwest,1
soggy,1
eated,1
stirofoam,1
baggle,1
candie,1
picnic,1
remosted,1
lika,1
started,1
lettered,1
hotbog,1
thinking,1
compute,1
haunting,1
glas,1
poeple,1
plushie,1
bakground,1
matters,1
pjones,1
oif,1
dollon,1
stuf,1
adjacent,1
qanother,1
playtes,1
sight,1
porkchop,1
porkchops,1
smart,1
itchen,1
kithchen,1
moddle,1
solution,1
wearin,1
commen,1
weiny,1
ohhhhh,1
poizza,1
pont,1
obscures,1
obscuring,1
obscurred,1
ping,1
gguy,1
viewing,1
lasy,1
surround,1
overall,1
sleepiing,1
pajam,1
lafy,1
snooper,1
bid,1
bwench,1
tibetan,1
ssitting,1
scatting,1
sittingon,1
girlk,1
forearm,1
helments,1
gra,1
bycicles,1
sames,1
puts,1
fony,1
offf,1
hanstand,1
tryuing,1
rides,1
stoop,1
handicap,1
tying,1
abus,1
huy,1
couching,1
lookijng,1
wago,1
paired,1
minutes,1
pats,1
during,1
triange,1
raiden,1
pears,1
posising,1
nicely,1
court,1
wurfboard,1
jumps,1
shatting,1
slaphing,1
boatr,1
lemos,1
tyellow,1
cuttting,1
oladies,1
hopw,1
slodier,1
scottish,1
toga,1
pilot,1
litlte,1
stcutting,1
suites,1
cutters,1
stripepd,1
cale,1
comflague,1
milarty,1
texts,1
appearing,1
money,1
toll,1
volkswagen,1
harbor,1
guty,1
inj,1
1.man,1
rockwall,1
true,1
jerseyes,1
ok.thanks,1
stanfing,1
lave,1
ope,1
car's,1
greener,1
button-up,1
awwww,1
agree,1
ooh,1
shirtguy,1
favorite,1
coloroful,1
similarly,1
golding,1
overripe,1
reclyners,1
survace,1
shelfs,1
nerdy,1
diryt,1
blueand,1
laptpop,1
bill,1
gates,1
laptopon,1
klaying,1
alptop,1
bookshelve,1
togther,1
drinkin,1
purring,1
shair,1
cradelling,1
cistume,1
geather,1
pomeranien,1
pink-polka,1
leashe,1
feding,1
nutela,1
infron,1
sad-looking,1
slevee,1
easal,1
whin,1
younge,1
pictue,1
stiprd,1
superhero,1
tat,1
backless,1
thistime,1
confusing,1
staues,1
strapes,1
elephant.water,1
higher,1
elef,1
raing,1
flung,1
motorbiker,1
ricing,1
helmit,1
minrror,1
because,1
what's,1
individual,1
mot,1
neat,1
guuy,1
od,1
princess,1
leanding,1
motorb,1
stanind,1
won't,1
motercycles,1
motorcyclists,1
sometihng,1
thanksgiving,1
dough,1
wommen,1
convection,1
izza,1
bbq'ing,1
hunter,1
instgramming,1
you've,1
fridge's,1
referigerator,1
pizzeria,1
refrigera,1
sprinlijn,1
personal,1
weater,1
pointin,1
hooded,1
havethe,1
include,1
black.hand,1
littlegirl,1
pant.and,1
breifcase,1
redvest,1
suitbase,1
popping,1
bulb,1
spotlight,1
helmat,1
upside-down,1
oiw,1
gilr,1
surfboy,1
lay,1
tipped,1
othe,1
boarsd,1
samoan,1
muscular,1
pedaling,1
roadkill,1
kllls,1
curls,1
bos,1
tedy,1
graduation,1
costum,1
rootbeer,1
wreath,1
waitig,1
wman,1
aproching,1
bag.she,1
hoagie,1
breaded,1
platfor,1
013,1
somehing,1
pesky,1
suit's,1
amany,1
umbreall,1
veteran,1
nomy,1
alady,1
buwhite,1
junkwhite,1
pu,1
pick-up,1
worls,1
sixth,1
phjoto,1
puple,1
ky,1
greta,1
slacks,1
smiled,1
cable,1
ora,1
celing,1
audio,1
foregroundwith,1
staniding,1
ozzy's,1
ozzy,1
wacky,1
coustume,1
bathrobe,1
cloored,1
langsleave,1
ob,1
sweather,1
peole,1
ally,1
croud,1
umberella,1
hamming,1
brittian,1
umprella,1
argula,1
arugulat,1
eice,1
siup,1
spearate,1
wantons,1
wontons,1
bole,1
sum,1
containters,1
grapefrit,1
sandwith,1
vegies,1
proteins,1
coliflowers,1
seond,1
noddles,1
alos,1
sof,1
2common,1
1different,1
explain,1
clearly,1
colur,1
stripey-fronted,1
fronted,1
seethira,1
matter,1
reqd,1
highlights,1
differs,1
black-striped,1
non-highlighted,1
bues,1
roading,1
ceste,1
pass,1
hebrew,1
babe,1
ge,1
sourrounded,1
caramel,1
crema,1
napkon,1
eight,1
birhday,1
taing,1
contaier,1
manwith,1
driz,1
lblack,1
yummy,1
;P,1
goblet,1
two-layer,1
completed,1
sharp,1
knive,1
sttrange,1
typle,1
definitely,1
motortricyle,1
browser,1
cowl,1
rred,1
parkingspot,1
perpendicular,1
foront,1
motercylcle,1
white-wall,1
cloudy,1
greent,1
ee,1
department,1
foggy,1
supposed,1
fre,1
basked,1
roughly,1
silver-gray,1
jeep,1
umrella,1
silvery,1
bafgs,1
packed,1
voltzwagon,1
expreaies,1
backgrsso,1
ch,1
pace,1
blanet,1
yellowsih,1
love,1
creams,1
dont.ok,1
wroom,1
darkish,1
haveblack,1
verticle,1
cushioned,1
righthand,1
ther's,1
furninutre,1
harder,1
coverings,1
doyou,1
firepace,1
floorth,1
slippers,1
brown-ish,1
ratty,1
expresso,1
spacious,1
onew,1
tihe,1
coffeetable,1
separating,1
aprone,1
ladiies,1
proceed,1
twp,1
resturent,1
ceel,1
oreos,1
tablewith,1
glaseese,1
arizona,1
gang,1
seven,1
backgr,1
swirly,1
beroe,1
owl,1
um,1
theirhand,1
strocked,1
startup,1
cookie,1
20s,1
twink,1
frozed,1
freezing,1
lapop,1
embroidered,1
stupid,1
packs,1
omg,1
mister,1
midd,1
tdog,1
sstuff,1
ghave,1
flared,1
maccaroons,1
munch,1
macarrons,1
ouse,1
mickymouse,1
papercup,1
whife,1
breakfest,1
casts,1
di,1
mickeys,1
chesse,1
drunken,1
icee,1
bistro,1
banna,1
prob,1
emiddle,1
instructor,1
sutffed,1
nioe,1
simalar,1
vake,1
palms,1
cleanin,1
anymor,1
arts,1
craft,1
task,1
candle-holder,1
assortment,1
refgirerator,1
ktichen,1
alot,1
50s,1
60s,1
mirrir,1
winneh,1
orientation,1
readming,1
wih,1
bemch,1
trench,1
copy,1
da,1
crossword,1
puzzle,1
monkish,1
skatebpard,1
aaand,1
matched,1
waterbottle,1
bah,1
hench,1
@,1
cheppel,1
nexxt,1
borwn,1
instagram,1
filter,1
applied,1
plaoid,1
straping,1
ho,1
`,1
garager,1
drowser,1
delievering,1
delievery,1
habdy,1
aginst,1
bake,1
ligne,1
propoane,1
bottke,1
connection,1
fames,1
sqauting,1
selfy,1
baout,1
pictiure,1
rider-basket,1
bie,1
sir,1
won,1
rafters,1
bulletproof,1
bullet-proof,1
climbming,1
climbs,1
navymen,1
cocnut,1
fromt,1
huige,1
perople,1
chiold,1
reachinmg,1
wirth,1
whuite,1
sleevwes,1
sdoldier,1
hits,1
cuttin,1
g,1
blowed,1
billowing,1
cuttisytanding,1
wonmen,1
qraone,1
browncake,1
breaker,1
eople,1
fatuges,1
byy,1
parkiing,1
aboout,1
embankment,1
scotter,1
numbers,1
splaying,1
shiry,1
lovers,1
imported,1
phone--do,1
whirt,1
grisbee,1
businesswear,1
eventually,1
complete,1
survey,1
stomache,1
puffed,1
parch,1
meet,1
trilby,1
woman--that,1
asains,1
plae,1
fruitplate,1
green-yello,1
snoppy,1
grays,1
fool,1
nana,1
coucj,1
bookshefl,1
burgandy,1
superman,1
aand,1
layin,1
lieng,1
fathers,1
dad's,1
aman,1
bearr,1
applying,1
har,1
chainlink,1
daschund,1
pik,1
pomeraniean,1
polkadot,1
giviing,1
polkadots,1
edress,1
califnoria,1
pooch,1
ladiey,1
camoflauge,1
hirt,1
camisole,1
always,1
testing,1
whaite,1
touchin,1
toucj-hing,1
ele,1
csrt,1
shadowy,1
splattering,1
keyed,1
diffternt,1
backward,1
ig,1
audience,1
facce,1
pinstripes,1
bones,1
garb,1
sunglass,1
girlfriend,1
behindf,1
poilce,1
praking,1
parkinglot,1
medival,1
sleevless,1
medevil,1
medeival,1
forgot,1
goth,1
faire-type,1
camelot,1
orangre,1
cycles,1
helms,1
yelllow,1
<,1
overn,1
clkeaning,1
spooing,1
panb,1
lke,1
hired,1
pearls,1
hack,1
oen,1
puuting,1
pots,1
prentending,1
content,1
food--home,1
prep,1
preppeing,1
oragne,1
puring,1
poring,1
3.man,1
widows,1
peak,1
smaok,1
pea-coat,1
magnate,1
magets,1
welll,1
backg,1
hairbrush,1
lugagge,1
gul,1
sitcase,1
tolking,1
blacksuit,1
holidng,1
squished,1
ours,1
blondes,1
knot,1
wheeling,1
laydy,1
siutcase,1
denim-clad,1
toolbox,1
tool,1
binkin,1
biniki,1
seas,1
surfign,1
onyellow,1
havehott,1
lyin,1
befor,1
brand,1
hilding,1
blackwet,1
wetsuite,1
oard,1
thee,1
sorta,1
moustache,1
shadowed,1
carrtying,1
wto,1
pal,1
wter,1
separately,1
knocked,1
redwhite,1
teddyear,1
detect,1
headbow,1
smoling,1
likely,1
twenties,1
walkie,1
talkie,1
lookiing,1
erson,1
blue-ish,1
refrigirator,1
arfmy,1
fun,1
bball,1
base,1
automobile,1
fighteres,1
conversing,1
redhair,1
hiya,1
organe,1
machinery,1
drive,1
sweep,1
poitning,1
belet,1
brown.back,1
botton,1
somebody's,1
scree,1
backgro,1
bookkshelves,1
customizing,1
hued,1
bluetinted,1
lotta,1
share,1
wreird,1
br,1
creeping,1
noy,1
marks,1
smailing,1
hidding,1
unrbella,1
okyes,1
month,1
moncho,1
undrella,1
