a,67938
the,46656
with,43890
have,39960
?,39410
on,30380
in,29882
i,26678
and,24272
of,16414
you,16304
do,16134
.,15860
|,|,15266
guy,14246
man,13834
white,12036
red,11828
shirt,9880
one,8790
woman,8740
black,8098
blue,8066
to,7362
again,7236
two,7058
girl,6252
green,6190
bike,6040
front,5874
is,5768
laptop,5536
holding,5216
lady,4894
it,4876
orange,4562
truck,4514
next,4494
bus,4100
at,4024
sitting,3994
yellow,3782
an,3750
cake,3750
no,3312
car,3220
that,3202
about,3026
pink,3024
2,3022
people,2936
pizza,2930
table,2914
his,2900
looking,2886
motorcycle,2842
couch,2834
bench,2832
umbrella,2772
picture,2748
standing,2670
phone,2606
last,2350
cat,2348
cup,2308
plate,2288
her,2274
boy,2258
same,2244
top,2234
bowl,2234
wearing,2210
kid,2178
elephant,2178
board,2160
yes,2102
back,2068
brown,1994
kids,1990
eating,1970
train,1950
my,1940
playing,1906
dog,1880
/,1874
bear,1824
food,1792
little,1782
baby,1782
left,1778
women,1726
what,1690
coffee,1674
person,1642
suitcase,1642
hat,1632
tv,1626
how,1624
also,1618
behind,1582
hot,1562
3,1548
dress,1540
right,1518
camera,1470
bed,1452
three,1446
hand,1428
laying,1422
photo,1414
striped,1386
by,1384
see,1376
something,1368
fridge,1364
old,1282
has,1280
got,1262
surfboard,1244
kitchen,1240
wii,1212
helmet,1206
up,1198
chair,1190
background,1184
like,1166
rice,1154
donut,1152
down,1130
ok,1118
riding,1112
hair,1108
guys,1082
big,1070
dogs,1060
child,1050
teddy,1034
oven,1032
silver,1028
remote,1028
open,1022
taking,1020
glass,1012
smiling,1012
suit,1010
over,994
out,992
side,986
water,984
glasses,978
purple,974
reading,974
small,964
other,960
plates,954
this,938
putting,938
room,924
men,920
large,912
looks,912
blonde,910
time,908
talking,892
grey,886
him,880
don't,864
fries,864
donuts,840
soccer,840
not,828
plaid,820
for,814
chocolate,800
asian,786
from,784
mirror,784
or,776
some,770
parked,768
dark,766
there,762
jacket,760
tank,758
head,754
van,746
laptops,730
pic,724
!,724
skateboard,712
into,706
okay,704
gray,698
book,694
shorts,690
near,672
stuffed,666
sign,662
candles,654
parking,654
bananas,650
backpack,648
pulling,648
mug,644
light,642
older,640
carrying,634
),628
beside,620
wine,616
sleeping,616
trunk,614
sandwich,598
long,592
cell,592
statue,588
bikes,580
around,578
police,574
-,564
bottle,564
too,556
flowers,556
banana,554
shirtless,554
now,550
vest,550
salad,548
another,546
facing,544
",544
(,542
frisbee,540
hi,536
elephants,532
between,528
mouse,528
box,528
bikini,528
wall,522
them,518
window,514
screen,512
outside,510
girls,510
ladies,508
jeans,506
me,506
bears,506
cleaning,504
middle,498
toddler,494
...,492
tray,490
walking,488
cream,486
lying,486
fork,482
handstand,482
shirts,480
fruit,478
lap,476
tan,474
gas,474
apron,470
seat,466
highlighted,466
scarf,464
hotdog,462
straw,462
station,462
he,456
all,456
vase,452
army,452
drink,450
dish,450
square,448
wooden,448
someone,446
beard,444
thing,442
luggage,442
making,440
are,438
leaning,436
surf,434
stuff,432
i've,432
leather,430
floor,426
but,424
young,422
soup,422
road,422
computer,414
being,414
beach,414
game,408
ice,408
as,406
touching,406
tow,402
their,396
4,394
cutting,390
birthday,388
muffin,386
dont,384
first,382
wood,380
cheese,380
baseball,378
then,376
pants,376
writing,376
keyboard,374
bag,370
skirt,368
knife,368
couple,366
image,358
hands,358
grass,358
its,354
carrots,352
sofa,350
off,350
tie,348
doing,348
stripes,344
empty,340
animal,340
hello,338
corner,336
w,336
chairs,334
1,334
dude,332
..,330
coat,328
each,326
petting,326
slice,324
half,324
subway,324
bunch,322
blond,322
round,318
beer,318
salvation,318
lot,316
monk,316
shark,316
windows,314
trucks,314
bowls,314
mouth,312
house,312
dolls,310
short,308
pointing,308
coke,308
says,306
going,306
ground,304
bald,304
toy,302
cop,302
using,300
godiva,298
5,296
think,296
she,294
while,294
stop,294
mickey,294
furniture,292
bottles,292
feet,292
cap,292
basket,286
bread,284
feeding,282
inside,280
dishes,280
door,278
four,278
group,278
gloves,278
both,276
phones,274
vehicle,272
boards,272
napkin,272
booth,270
counter,270
colored,266
pot,266
grill,266
nope,264
boys,264
close,264
so,262
different,262
glove,262
lit,260
tree,260
beets,258
face,256
pie,254
bearded,250
street,250
veggies,250
&,248
socks,246
just,244
bicycle,244
mercedes,244
shoes,242
beige,238
pan,238
line,238
refrigerator,238
towing,236
piece,234
tshirt,234
moving,232
showing,232
hugging,232
cars,232
sweater,230
cut,230
waiting,230
arm,228
paw,228
flag,228
plant,226
ball,224
container,224
officer,224
t,222
it's,222
wetsuit,222
painting,220
dad,220
carrot,220
wet,220
stripe,218
clear,218
bright,216
british,216
hoodie,214
getting,214
polka,214
teapot,214
wheels,212
stand,210
living,210
t-shirt,206
panda,206
sleeve,204
cane,204
above,202
containers,202
be,200
watching,200
haired,200
wires,200
pickup,200
stone,198
here,198
maybe,198
kill,198
crowd,198
meter,198
video,196
strawberry,196
blurry,196
full,194
bending,194
dirt,194
third,192
under,192
tea,192
case,192
reaching,192
couches,190
restaurant,190
sleeves,190
can,186
blanket,184
oranges,184
sunglasses,184
broccoli,184
lights,182
traffic,182
away,180
bow,180
sauce,180
only,180
children,180
fat,180
park,180
tomato,180
logo,178
roses,178
ribbon,178
helmets,178
schepps,178
floral,176
weird,176
shaking,176
before,174
still,174
dot,174
he's,174
scooter,174
ikea,174
stripped,172
camo,172
yep,170
cups,170
legs,170
star,170
surfing,170
sugar,170
powdered,170
view,168
well,166
u,166
cellphone,166
driving,166
your,164
color,164
tail,164
paper,164
vegetables,164
platform,164
loading,162
rider,162
fedex,162
jackets,162
lol,160
lamp,160
apple,160
meters,160
bmw,160
finally,158
page,158
mom,158
shadow,156
colorful,156
grapefruit,156
neon,154
military,154
cycle,154
books,152
working,152
suitcases,152
pole,150
does,148
fire,148
they,148
pillows,148
bottom,148
glazed,148
mascot,148
kneeling,148
biker,148
father,146
umbrellas,146
though,144
covered,144
controller,144
ear,144
greens,144
rug,142
there's,142
sections,142
great,142
drinking,142
giant,140
bent,140
brushing,140
tanks,138
construction,138
spaghetti,138
dunkin,138
had,136
more,136
trailer,136
celery,136
:,134
fireplace,134
huge,134
*,134
race,134
towards,132
towed,132
stove,132
magnets,132
lots,130
',130
peace,130
double,128
things,128
pizzas,128
boxes,128
syrup,128
flower,126
shot,126
checkered,126
pigtails,126
letters,126
motorbike,126
stainless,124
bedroom,122
set,122
kind,122
opening,122
propane,122
surfboards,122
that's,120
mine,120
rock,120
through,120
tall,120
dressed,120
handle,120
row,120
onto,120
steel,118
plastic,118
carpet,118
coming,118
posing,118
french,118
heavy,118
egg,118
if,116
blackberry,116
pooh,116
aprons,116
elephant's,114
jb,114
sprinkling,114
recliner,112
very,112
son,112
daughter,112
burger,112
noodles,112
lastly,110
who,110
did,110
eaten,110
hood,110
end,108
+,108
matching,108
candle,108
ponytail,108
winnie,108
play,108
junk,108
wheel,108
squatting,108
policeman,108
rain,108
filled,106
icing,106
sorry,106
high,106
lifting,106
without,106
sort,104
pacifier,104
chinese,104
poncho,104
tee,102
closed,102
infant,102
boxing,102
ramp,102
cool,100
we,100
xp,100
field,100
vehicles,100
teal,98
desk,98
frosting,98
tablecloth,98
games,98
five,98
mini,98
spot,98
where,96
metal,96
shoulder,96
waving,96
english,96
motorcycles,96
against,94
yeah,94
whole,94
bagel,94
eyes,94
messy,94
cart,94
beers,94
foreground,92
second,92
barefoot,92
common,92
stopped,92
tomatoes,92
cooking,92
part,90
written,90
outfit,90
ocean,90
combing,90
cloth,88
alright,88
center,88
family,88
polo,88
pack,88
milkshake,88
throw,86
iced,86
look,86
;,86
>,86
spoon,86
sports,86
trying,86
placing,86
hotdogs,86
decker,86
pictures,84
mostly,84
resting,84
rack,84
monitor,84
tattoo,84
control,84
purse,84
grapes,84
oh,82
drinks,82
asleep,82
was,82
type,82
remotes,82
crouching,82
suits,82
compartments,82
garage,80
doughnut,80
river,80
either,78
fast,78
elderly,78
cartoon,78
jerseys,78
sand,78
moon,78
greenish,76
slicing,76
opposite,76
male,76
twilight,76
aqua,76
motor,76
bags,76
intersection,76
oval,76
pineapple,76
those,74
mother,74
visible,74
female,74
pastry,74
upside,74
beaver,74
fence,74
c'est,74
reddish,72
final,72
doors,72
stomach,72
missing,72
yours,72
players,72
across,70
dinner,70
way,70
flip,70
tennis,70
blurred,70
rainbow,70
sky,70
uniform,70
trim,70
m10,70
bacon,70
loaf,70
s,68
taken,68
cargo,68
button,68
space,68
license,68
uniforms,68
appliance,68
uk,68
buses,68
headband,68
sun,66
described,66
single,66
she's,66
texting,66
business,66
low,66
sleeved,66
bite,66
hanging,66
headless,66
straps,66
section,66
choc,66
stool,64
several,64
typing,64
alone,64
lime,64
soda,64
poking,64
larger,64
watch,64
skateboarding,64
moped,64
slouching,64
beret,64
lunch,64
milk,64
together,62
really,62
lines,62
any,62
k,62
clothes,62
theres,62
neck,62
breakfast,62
highlight,62
n,62
bucket,62
scooping,62
toward,60
almost,60
ive,60
doorway,60
hey,60
sparkler,60
frosted,60
sides,60
sticker,60
overhead,60
robe,60
meal,60
sure,60
khaki,60
filling,60
vanilla,60
ketchup,60
sideways,58
shaped,58
cushions,58
design,58
flannel,58
doughnuts,58
3rd,58
backs,58
plain,58
ready,58
skateboarder,58
suv,58
pick,58
vests,58
fruits,58
mitt,58
ex,58
tables,56
few,56
having,56
walls,56
shade,56
appears,56
life,56
wallet,56
checked,56
us,56
fake,56
sleeveless,56
firetruck,56
macaroons,56
parade,56
mack,56
fed,56
mud,56
turkey,56
gold,54
foot,54
maroon,54
curly,54
balding,54
juice,54
word,54
serving,54
attached,54
reflection,54
cafe,54
pepper,54
tanktop,54
racing,54
cops,54
compartment,54
fried,54
bento,54
divided,54
teacup,54
classic,54
microwave,54
patterned,52
wi,52
place,52
many,52
yup,52
i'm,52
charging,52
iphone,52
dudes,52
dr,52
diaper,52
wagon,52
airport,52
winter,52
airplane,52
sliced,52
countertop,52
dc,52
nice,50
good,50
navy,50
night,50
pitcher,50
sweatshirt,50
bundt,50
rear,50
outdoor,50
which,50
held,50
hes,50
skate,50
passing,50
throwing,50
crossing,50
splashing,50
colors,50
samsung,50
far,48
ugly,48
sheet,48
turned,48
our,48
hold,48
whit,48
mac,48
ones,48
himself,48
show,48
peeking,48
wave,48
holes,48
shake,48
garbage,48
cabinet,48
headphones,46
overalls,46
onesie,46
younger,46
tattoos,46
flames,46
interviewing,46
palm,46
speeding,46
blood,46
lane,46
178,46
store,46
cabinets,46
bbq,46
draped,44
seats,44
pattern,44
separate,44
pinkish,44
nearby,44
alcohol,44
bun,44
edge,44
seen,44
items,44
wear,44
jersey,44
p,44
flame,44
delivering,44
emergency,44
397,44
sport,44
woolwich,44
island,44
peach,42
:),42
coach,42
earlier,42
go,42
stuck,42
cakes,42
gathered,42
collar,42
pony,42
macbook,42
yellowish,42
step,42
teddybear,42
costume,42
pointed,42
hats,42
riders,42
bathing,42
ledge,42
railing,42
steam,42
workers,42
alley,42
raincoat,42
leafy,42
slices,42
icecream,42
drizzle,42
hamburger,42
trash,42
rearview,42
coats,42
alphabet,42
bookshelf,40
upper,40
smaller,40
closeup,40
scene,40
previous,40
seems,40
bar,40
teens,40
wait,40
staring,40
petted,40
mobile,40
can't,40
helping,40
animals,40
bare,40
mentioned,40
carseat,40
vintage,40
multi,40
naked,40
tire,40
unloading,40
lemons,40
parasol,40
tin,40
pasta,40
roof,40
ainscough,40
spraying,40
renaissance,40
camper,40
armchair,38
style,38
flat,38
flowered,38
work,38
seated,38
directions,38
lighted,38
computers,38
meat,38
adult,38
split,38
trees,38
school,38
else,38
selfie,38
benz,38
microphone,38
bronze,38
pulled,38
casting,38
decorating,38
dots,38
baskets,38
curry,38
axil,38
photographer,38
tires,38
dirtbike,38
medieval,38
controllers,36
arms,36
once,36
frame,36
circular,36
dessert,36
crazy,36
ppl,36
messing,36
multiple,36
chest,36
start,36
posters,36
pc,36
done,36
point,36
stacked,36
thumb,36
chick,36
actually,36
overweight,36
closing,36
metro,36
4x4,36
loaded,36
driver,36
trays,36
strip,34
haha,34
were,34
thanks,34
thats,34
get,34
brunette,34
photos,34
happy,34
tiny,34
2nd,34
opened,34
tails,34
doll,34
toys,34
napping,34
packers,34
clothing,34
sidewalk,34
b,34
slightly,34
tag,34
shirted,34
band,34
closest,34
robes,34
action,34
bikers,34
strange,34
flags,34
cheesecake,34
kettle,34
macarons,34
cest,34
television,32
question,32
made,32
jordan,32
cans,32
etc,32
profile,32
mattress,32
sectional,32
turn,32
year,32
khakis,32
females,32
others,32
argyle,32
circle,32
fancy,32
chubby,32
chrome,32
bushes,32
fedora,32
strap,32
zipped,32
letter,32
santa,32
crossed,32
beanie,32
catch,32
hauling,32
cauliflower,32
jar,32
platter,32
tricycle,32
officers,32
refrigerators,32
fridges,32
nintendo,30
along,30
would,30
lamps,30
ring,30
awesome,30
bib,30
dining,30
partially,30
nose,30
body,30
forward,30
nobody,30
surface,30
might,30
movie,30
boots,30
gaming,30
pile,30
golden,30
lil,30
lunchbox,30
teddies,30
friend,30
below,30
o,30
angle,30
eat,30
mean,30
hiding,30
buddhist,30
speaking,30
take,30
racer,30
balcony,30
tower,30
past,30
lemon,30
semi,30
peas,30
pancakes,30
photographing,30
tractor,30
grilling,30
preparing,30
v,28
guess,28
darker,28
new,28
im,28
kinda,28
pretty,28
mountains,28
teenager,28
sprinkles,28
\,28
persons,28
tablet,28
they're,28
lower,28
chicken,28
plush,28
figure,28
smartphone,28
object,28
cover,28
african,28
pajamas,28
smile,28
aged,28
shes,28
antenna,28
jean,28
arrow,28
mii,28
cruiser,28
handlebars,28
strapped,28
gear,28
holder,28
followed,28
machine,28
locomotive,28
engine,28
veg,28
pancake,28
chopsticks,28
dump,28
motorcyclist,28
saddle,28
fender,28
motorcross,28
magnet,28
stack,26
orangish,26
pillow,26
sofas,26
area,26
brownish,26
hotel,26
sprinkled,26
mr,26
benches,26
peels,26
bit,26
kitty,26
liquid,26
rust,26
backwards,26
wire,26
hooked,26
cords,26
faces,26
objects,26
questions,26
shows,26
pig,26
headed,26
twins,26
d,26
roskill,26
shiny,26
mexican,26
than,26
underneath,26
hard,26
sunlight,26
besides,26
magazine,26
stars,26
newspaper,26
grabbing,26
touch,26
suite,26
surfer,26
tell,26
blur,26
soldier,26
safety,26
powder,26
plane,26
lined,26
rectangle,26
packets,26
candy,26
moto,26
wheeler,26
trike,26
antique,26
obese,26
limes,26
spooning,26
pretending,26
clean,24
solo,24
day,24
wit,24
shining,24
fixing,24
print,24
pad,24
pet,24
creepy,24
say,24
border,24
hae,24
pen,24
pjs,24
man's,24
knees,24
tshirts,24
newborn,24
stick,24
wiimote,24
shaved,24
crouched,24
believe,24
figurine,24
character,24
bows,24
topless,24
avatar,24
swimsuit,24
buy,24
delivery,24
barrow,24
pocket,24
football,24
lighting,24
multicolored,24
item,24
catching,24
underground,24
halloween,24
rectangular,24
rolled,24
sectioned,24
chili,24
layer,24
korean,24
sideview,24
stoplight,24
headlight,24
frig,24
home,24
sweet,22
th,22
inbetween,22
shape,22
footstool,22
pale,22
yet,22
am,22
passed,22
belly,22
checking,22
patting,22
lone,22
focus,22
pigtail,22
outdoors,22
symbol,22
herself,22
scout,22
bigger,22
cant,22
gal,22
close-up,22
giving,22
cam,22
eye,22
balls,22
surrounding,22
burgundy,22
bookcase,22
handles,22
towel,22
pouring,22
cardboard,22
oriental,22
turquoise,22
attaching,22
put,22
air,22
blazer,22
direction,22
deck,22
paint,22
sea,22
rubber,22
tour,22
fighting,22
headlights,22
cola,22
silverware,22
placemat,22
sushi,22
creamer,22
mugs,22
latte,22
toppings,22
busses,22
wheeled,22
flying,22
chef,22
floors,20
funny,20
shed,20
shown,20
building,20
cushion,20
painted,20
number,20
tops,20
aerial,20
7,20
peel,20
ears,20
will,20
someone's,20
hit,20
granny,20
dirty,20
itself,20
need,20
leaves,20
covering,20
bad,20
sleep,20
e,20
happen,20
read,20
curb,20
player,20
atari,20
lotion,20
shoulders,20
disposable,20
hispanic,20
sat,20
digital,20
1st,20
jump,20
cross,20
smirking,20
slouched,20
fan,20
rolling,20
packing,20
swimming,20
bandana,20
sweeper,20
japanese,20
parts,20
veggie,20
utensils,20
shredded,20
mcmuffin,20
dividers,20
stew,20
tractors,20
policemen,20
vans,20
hut,20
dishing,20
arches,18
hole,18
8,18
overlooking,18
patio,18
kk,18
sprinkle,18
probably,18
pastries,18
blouse,18
steps,18
tabby,18
directly,18
doesn't,18
10,18
thought,18
anything,18
display,18
foods,18
american,18
sticking,18
guy's,18
possibly,18
digging,18
gut,18
macbooks,18
chipmunk,18
clicking,18
students,18
yo,18
submit,18
drunk,18
lid,18
c,18
competition,18
listening,18
describe,18
city,18
bush,18
handstanding,18
rv,18
rail,18
rocky,18
retriever,18
pinstripe,18
cammo,18
lettering,18
splashed,18
peaking,18
bodysuit,18
edges,18
passengers,18
39t,18
stationary,18
worker,18
gorilla,18
sunny,18
highway,18
thingy,18
oblong,18
kimchi,18
peaches,18
bday,18
micky,18
sloppy,18
shop,18
sink,18
coca-cola,18
wok,18
sweatband,18
cooks,18
similar,16
size,16
panel,16
afghan,16
papers,16
cones,16
shelf,16
zebra,16
takes,16
columns,16
match,16
know,16
desserts,16
raised,16
check,16
adults,16
cluttered,16
track,16
keeping,16
blk,16
pda,16
wireless,16
teen,16
barely,16
system,16
smoothie,16
salsa,16
bundle,16
everywhere,16
wth,16
wavy,16
ponytails,16
i'll,16
leg,16
strips,16
exact,16
upright,16
wears,16
emblem,16
blueish,16
selling,16
topped,16
toothbrushes,16
stereo,16
mote,16
lavender,16
chin,16
move,16
setting,16
party,16
pov,16
pair,16
multi-colored,16
nipple,16
ish,16
cases,16
trains,16
bicycles,16
public,16
ceiling,16
lowrider,16
buggy,16
prepping,16
eaters,16
smiley,16
interviewed,16
yea,16
cowboy,16
ha,16
comb,16
briefcase,16
x,16
seating,16
39,16
pillar,16
gone,16
ordering,16
blues,16
wide,16
bin,16
cyclist,16
cookies,16
citrus,16
ghandi,16
retro,16
forkful,16
noodle,16
fry,16
foam,16
care,16
glaze,16
raspberry,16
choco,16
factory,16
potato,16
boring,16
cappuccino,16
lifted,16
uhaul,16
firetrucks,16
industrial,16
lineup,16
modern,16
appliances,16
skillet,16
casserole,16
commercial,16
tiled,16
magnetic,16
wiping,16
scrubbing,16
livingroom,14
paneling,14
extended,14
poster,14
dim,14
triangle,14
art,14
dimly,14
booths,14
peeling,14
highchair,14
sub,14
partly,14
partial,14
keys,14
withe,14
cute,14
person's,14
ahead,14
should,14
wired,14
ipad,14
hmm,14
describing,14
ginger,14
hidden,14
help,14
tattooed,14
sippy,14
shoe,14
poo,14
rose,14
twighlight,14
telephone,14
curtain,14
mailbox,14
porch,14
who's,14
ask,14
nametag,14
string,14
tinted,14
6,14
shooter,14
accents,14
printed,14
clutter,14
sock,14
real,14
gentleman,14
knee,14
trouser,14
f,14
headstand,14
wheelbarrow,14
ar,14
structure,14
vespa,14
olive,14
trunks,14
nothing,14
skin,14
camouflage,14
solid,14
graphic,14
dragging,14
tint,14
mio,14
sanuk,14
motion,14
passes,14
passenger,14
marta,14
firefighters,14
signal,14
rocks,14
tarmac,14
goldish,14
leaving,14
skinned,14
tupperware,14
mat,14
challah,14
topping,14
removed,14
drizzled,14
package,14
metallic,14
axii,14
mb,14
wipers,14
gum,14
confetti,14
smock,14
counters,14
coca,14
potatoes,14
corn,14
paddle,14
liter,14
employee,14
loveseat,12
wrong,12
guitar,12
ot,12
pics,12
flooring,12
curtains,12
ou,12
tile,12
recliners,12
reflective,12
six,12
concrete,12
hill,12
sad,12
sized,12
womans,12
deserts,12
diner,12
denim,12
unfinished,12
calzone,12
spots,12
straight,12
key,12
anyway,12
woman's,12
owner,12
wrapped,12
childs,12
ona,12
saw,12
running,12
notebook,12
teenage,12
stretched,12
mans,12
asians,12
asked,12
dotted,12
sleepy,12
own,12
sleeper,12
human,12
costco,12
toothbrush,12
woodchuck,12
finger,12
taller,12
surrounded,12
name,12
belt,12
pushing,12
pant,12
hue,12
bold,12
propped,12
said,12
ottoman,12
trimmed,12
decorated,12
funky,12
refresh,12
nd,12
forefront,12
oak,12
completely,12
foldout,12
sniffing,12
ribbons,12
buddha,12
boarding,12
isn't,12
load,12
these,12
r,12
indoors,12
reporter,12
interesting,12
interview,12
ladder,12
crosswalk,12
collared,12
flashing,12
barrier,12
drawing,12
removing,12
you're,12
searching,12
handing,12
security,12
boogie,12
photography,12
stickers,12
entrance,12
odd,12
picking,12
mit,12
chicks,12
monster,12
brother,12
elevated,12
violet,12
one's,12
beats,12
rim,12
china,12
tons,12
tart,12
powered,12
decoration,12
scoop,12
packet,12
baked,12
candies,12
parfait,12
hootsen's,12
mouses,12
spinach,12
slots,12
separated,12
pea,12
storage,12
bicyclist,12
extra,12
mic,12
saddlebags,12
glued,12
extension,12
royal,12
slanted,12
axels,12
pockets,12
potted,12
shelves,12
weenie,12
fountain,12
husband,12
parlor,12
barbecue,12
determined,12
clip,12
ladel,12
abcs,12
mustard,10
paneled,10
piled,10
may,10
footrest,10
fabric,10
reclining,10
redish,10
give,10
stiped,10
ways,10
column,10
desert,10
mountain,10
ladys,10
bagels,10
problem,10
liquor,10
cheeks,10
peeled,10
curled,10
cats,10
want,10
greyish,10
talked,10
buttons,10
fluffy,10
emo,10
bangs,10
dip,10
cocktail,10
skinny,10
monkey,10
submitted,10
leaf,10
spread,10
pull,10
somebody,10
animal's,10
receiver,10
wrap-around,10
flowery,10
=,10
kitten,10
distance,10
sirt,10
mom's,10
banner,10
gigantic,10
team,10
flatscreen,10
longsleeve,10
camara,10
biting,10
level,10
playstation,10
operating,10
ah,10
galaga,10
bluish,10
cartoons,10
monitors,10
shooting,10
college,10
must,10
int,10
built,10
holing,10
blank,10
beverage,10
glowing,10
grin,10
whiteboard,10
yay,10
minute,10
post,10
squash,10
streak,10
earbuds,10
music,10
trousers,10
most,10
perfect,10
cropped,10
transit,10
canisters,10
tatoos,10
ride,10
busy,10
latino,10
walk,10
yu,10
except,10
ridden,10
armband,10
statute,10
baggage,10
flats,10
carrier,10
saying,10
bobbing,10
mustache,10
bout,10
businessmen,10
whizzing,10
entire,10
smoke,10
fashioned,10
suzuki,10
minifridge,10
chevy,10
scrap,10
leprechaun,10
hallway,10
alleyway,10
hall,10
turning,10
girl's,10
guard,10
heading,10
ront,10
make,10
chips,10
sandwiches,10
mandarin,10
mason,10
orders,10
chilli,10
utensil,10
raw,10
reach,10
palte,10
snacks,10
macaron,10
bland,10
areas,10
portion,10
visor,10
seethala,10
turquise,10
curve,10
wathura,10
harley,10
backed,10
pump,10
boulders,10
flatbed,10
photographed,10
gothic,10
1950s,10
fighters,10
stuffing,10
7up,10
tatted,10
baking,10
ave,8
palying,8
bookshelves,8
asking,8
rest,8
seem,8
corners,8
entryways,8
guessing,8
entry,8
stripey,8
pin,8
darkly,8
hips,8
identical,8
shades,8
raising,8
redhead,8
checkbook,8
friends,8
been,8
trackpad,8
shut,8
someones,8
laps,8
length,8
riser,8
beared,8
steak,8
frozen,8
slushie,8
submitting,8
cupcake,8
plugged,8
cellphones,8
elbows,8
uh,8
fold,8
controls,8
grown,8
snooping,8
necktie,8
t-shirts,8
males,8
individuals,8
lonely,8
don,8
kills,8
we're,8
curbside,8
teddie,8
super,8
custom,8
cleavage,8
redshirt,8
womens,8
tooth,8
bowtie,8
facedown,8
pinned,8
woan,8
red-white,8
wallpaper,8
purplish,8
cubicle,8
came,8
fuzzy,8
pressing,8
comcast,8
projector,8
wrist,8
images,8
fps,8
displaying,8
ca,8
whats,8
checkard,8
pplaying,8
backyard,8
plan,8
fingers,8
decorations,8
miniature,8
cheesy,8
eatting,8
lcd,8
gross,8
tvs,8
even,8
waist,8
blong,8
strapless,8
snackbowl,8
squinting,8
nos,8
crystal,8
pf,8
classroom,8
takeout,8
gir,8
ankle,8
light-colored,8
colourful,8
assume,8
long-sleeved,8
tackled,8
ihave,8
model,8
designing,8
creator,8
soccor,8
waching,8
highlited,8
diamond,8
earphones,8
gown,8
already,8
instead,8
bile,8
short-sleeve,8
mounting,8
strapping,8
tied,8
bump,8
starting,8
bmx,8
longsleeves,8
hoody,8
somethin,8
bites,8
holds,8
swim,8
another's,8
trail,8
various,8
cape,8
native,8
multicolor,8
haven't,8
rubbing,8
shallow,8
canvas,8
easel,8
brown-skinned,8
somehting,8
label,8
thru,8
trolley,8
hunched,8
biking,8
anymore,8
goatee,8
longboard,8
backpacks,8
quickly,8
pencil,8
coal,8
hope,8
text,8
roll,8
militar,8
net,8
lesbian,8
plus,8
paver,8
buying,8
attacking,8
transparent,8
umbella,8
grocery,8
shopping,8
bars,8
lets,8
ad,8
l,8
characters,8
hahaha,8
following,8
morning,8
cannot,8
vertical,8
coated,8
sloucher,8
in-front,8
red-and-black,8
elephan,8
watering,8
beefy,8
boogieboards,8
docked,8
warmly,8
shakinghands,8
hovering,8
every,8
dote,8
fish,8
vegetable,8
arugula,8
salads,8
arranged,8
tins,8
olives,8
sets,8
photograph,8
h,8
times,8
init,8
servings,8
fruitcake,8
uncut,8
boat,8
garnish,8
dusted,8
ramen,8
truffles,8
crumbled,8
crumbles,8
fuzz,8
tubs,8
orangy,8
styrofoam,8
elongated,8
positano,8
veges,8
digger,8
equipment,8
bulldozer,8
pepperoni,8
tolled,8
wrecker,8
buss,8
sedan,8
lorry,8
woodwich,8
windshield,8
boxy,8
alongside,8
batmobile,8
crotch,8
rocket,8
cadillac,8
inspecting,8
sportbike,8
correct,8
puppies,8
schepp's,8
engines,8
scheppa,8
figures,8
cutoff,8
somone,8
kicking,8
motocross,8
grassy,8
turquiose,8
fixture,8
postion,8
pullcar,8
rod,8
trinkets,8
streetbike,8
sunshine,8
brownies,8
aluminum,8
foil,8
expensive,8
pop,8
frying,8
saute,8
crock,8
grannies,8
stirring,8
spatula,8
rag,8
dropping,8
wife,8
products,8
language,8
alphabets,8
spray,8
cleaner,8
spices,8
fidge,8
fruti,8
flwoers,8
stands,8
pr,8
tube,6
guitars,6
age,6
burnt,6
including,6
wiimotes,6
ina,6
folks,6
tuft,6
dimpled,6
chunky,6
didn't,6
cusions,6
crate,6
walled,6
tannish,6
segment,6
jave,6
armchairs,6
biege,6
pillars,6
displayed,6
bunt,6
pedestal,6
card,6
galss,6
win,6
couchs,6
boot,6
lounging,6
baldy,6
toast,6
captain,6
fine,6
tangerine,6
paws,6
faced,6
touchpad,6
soul,6
drank,6
cat's,6
tilted,6
hmmm,6
ye,6
couche,6
whitish,6
cooling,6
highli,6
shaggy,6
70s,6
placed,6
gree,6
words,6
ahh,6
finished,6
booting,6
clunky,6
glow,6
pint,6
whatever,6
meals,6
refreshed,6
dished,6
device,6
pigtailed,6
laid,6
ii,6
repeat,6
closet,6
phot,6
send,6
shorter,6
whose,6
meant,6
dungarees,6
talk,6
landline,6
teddys,6
chilling,6
mane,6
tacky,6
bay,6
everyone,6
’,6
lating,6
labtop,6
sucking,6
binky,6
btw,6
womand,6
mother's,6
nect,6
unless,6
configuring,6
hooking,6
fo,6
plaing,6
chewing,6
office,6
desktop,6
orang,6
sipping,6
lady's,6
fpov,6
aiming,6
gane,6
convention,6
crowded,6
yuo,6
main,6
foward,6
setup,6
ago,6
lazy,6
less,6
paperwork,6
buckle,6
staw,6
regular,6
pates,6
lighter,6
gopher,6
handling,6
3d,6
anyone,6
played,6
gamer,6
crow,6
although,6
timey,6
phote,6
present,6
world,6
shall,6
darn,6
discussed,6
kis,6
mixed,6
ba,6
cream-colored,6
backgrou,6
hite,6
bech,6
ya,6
outisde,6
undershirt,6
crane,6
skating,6
caucasion,6
bycle,6
handed,6
swimwear,6
cuts,6
squatter,6
paid,6
sleave,6
colour,6
much,6
ect,6
kakhi,6
carying,6
sits,6
least,6
cannisters,6
squatted,6
contraption,6
barrel,6
cycling,6
marathon,6
helmut,6
exit,6
previously,6
guying,6
stones,6
robin,6
doggo,6
greenshirt,6
ids,6
dounuts,6
stair,6
frizbe,6
happened,6
businessman,6
sounds,6
slumping,6
slouch,6
ballcap,6
loooking,6
brim,6
ans,6
whiite,6
jack,6
mark,6
sticks,6
elepant,6
such,6
m,6
heavyset,6
stroking,6
tone,6
zoo,6
shadows,6
rails,6
wonman,6
splash,6
washing,6
wate,6
shift,6
watter,6
mounted,6
travel,6
luggages,6
sandal,6
shell,6
unzipped,6
folded,6
organizing,6
na,6
unpacking,6
rummaging,6
fans,6
musician,6
yello,6
ma,6
carried,6
practicing,6
wipe,6
sharkboard,6
clock,6
boar,6
underside,6
gotee,6
trouni,6
pose,6
pasty,6
chested,6
holdign,6
hues,6
ty,6
biycle,6
ridding,6
bodyboarding,6
blazers,6
bored,6
gentlemen,6
goes,6
exiting,6
runs,6
chain,6
try,6
orage,6
tho,6
general,6
politician,6
fourth,6
baret,6
afc,6
kiosk,6
truk,6
bog,6
catcher's,6
fireman,6
inred,6
block,6
paving,6
tanker,6
cleans,6
onei,6
holfing,6
folding,6
stab,6
fight,6
cardigan,6
after,6
poke,6
umbrlla,6
umb,6
everyone's,6
slicker,6
laughed,6
excited,6
tarp,6
runway,6
polka-dot,6
presenting,6
fellow,6
call,6
backside,6
breakdancing,6
canister,6
pedal,6
dang,6
layered,6
checker,6
kit,6
live,6
waves,6
thank,6
doesnt,6
uy,6
bandanna,6
clown,6
bottled,6
moved,6
didnt,6
leading,6
makes,6
lugage,6
#,6
borders,6
remaining,6
filed,6
oange,6
prson,6
grape,6
flakes,6
dandelion,6
strings,6
broc,6
stirfry,6
buckets,6
grapfruit,6
unknown,6
italian,6
paisano's,6
beans,6
sperated,6
airline,6
rectangles,6
chow,6
mein,6
consist,6
stir,6
divider,6
brats,6
ton,6
braided,6
cranberries,6
cob,6
webs,6
salt,6
cutter,6
cooked,6
thick,6
scoops,6
swirls,6
saucer,6
chef's,6
ketchups,6
dd,6
sausage,6
tomatoe,6
menu,6
dount,6
saurkraut,6
pifferoles,6
chocolates,6
puff,6
generic,6
califlower,6
powderd,6
assorted,6
ont,6
bluie,6
mice,6
^,6
chees,6
chartreuse,6
squares,6
roundabout,6
cab,6
carriage,6
highlighed,6
stil,6
yellow-orange,6
dumpster,6
attachment,6
rows,6
rig,6
tractor-like,6
spoiler,6
fairing,6
sack,6
speed,6
replica,6
pumps,6
hotrod,6
exposed,6
souped,6
ambulance,6
snow,6
buildings,6
dairy,6
best,6
suspended,6
sorts,6
helmeted,6
why,6
tugged,6
modified,6
woodtop,6
candels,6
outstretched,6
homemade,6
b-day,6
countertops,6
shoving,6
messily,6
pine,6
contents,6
corning,6
ware,6
mitts,6
preps,6
employees,6
joint,6
japenese,6
upward,6
mag,6
ptz,6
sittin,6
graffiti,6
candelabra,6
massive,6
cooler,6
adding,6
tw,4
letting,4
pane,4
shawl,4
lefthand,4
reclinder,4
hdtv,4
dimples,4
habe,4
sofar,4
crt,4
bolstered,4
bookshelfs,4
highly,4
furnitures,4
vroom,4
somewhat,4
rooms,4
worries,4
grren,4
helps,4
slatted,4
wat,4
king,4
queen,4
means,4
doorways,4
archways,4
isnt,4
backof,4
entrances,4
rather,4
hills,4
brightly,4
donut-shaped,4
hace,4
sparkle,4
redheaded,4
nearly,4
resturaunt,4
ends,4
lieing,4
teenagers,4
cables,4
empties,4
tumbler,4
pealing,4
booster,4
america,4
eats,4
coloured,4
|4,5|,4
patches,4
markings,4
mad,4
pay,4
mousepad,4
broken,4
scared,4
grandma,4
leave,4
haircut,4
behi,4
medium,4
blondish,4
rust-colored,4
chat,4
lmao,4
hung,4
comp,4
chats,4
disappeared,4
combo,4
tape,4
wht,4
plat,4
latop,4
tangle,4
welcome,4
beverages,4
muffins,4
icon,4
netflix,4
cells,4
charged,4
selection,4
partner,4
usb,4
hub,4
lates,4
save,4
oldschool,4
returns,4
blone,4
whoman,4
booties,4
mirrow,4
reflecting,4
obscured,4
po,4
songs,4
covers,4
halfway,4
matress,4
ion,4
pullout,4
ups,4
doggies,4
eith,4
bear's,4
piglet,4
wuth,4
pj's,4
yess,4
trio,4
acting,4
woodpile,4
firewood,4
colorfull,4
genes,4
bot,4
goofy,4
greay,4
macs,4
tees,4
sleepin,4
¡,4
spectacles,4
cloths,4
shir,4
ith,4
separatly,4
short-sleeved,4
stairs,4
paci,4
pacifer,4
instructions,4
sandwiched,4
boyscout,4
iwht,4
fleece,4
buck,4
toothed,4
bucktoothed,4
toothbrush-wielding,4
teeth,4
shofa,4
beneath,4
wand,4
wi-remote,4
blocking,4
pruple,4
antena,4
fishing,4
teo,4
smug,4
flashlight,4
sporting,4
pressed,4
silver-colored,4
wristband,4
videogame,4
aquarium,4
missed,4
ther,4
4-5,4
:(,4
bllue,4
remove,4
purpe,4
thumbs,4
pastel,4
pages,4
paisly,4
pastry's,4
sexy,4
lazily,4
wodden,4
areal,4
patch,4
plants,4
forehead,4
led,4
peoples,4
couple's,4
connected,4
[,4
waering,4
swing,4
shrit,4
mold,4
shild,4
mob,4
blanet,4
chairwith,4
cone,4
sanding,4
darkish,4
chushions,4
couces,4
seee,4
flora,4
righthand,4
sparse,4
ooden,4
couh,4
stripy,4
fgas,4
doyou,4
firepace,4
floorth,4
stropes,4
firplace,4
itt,4
slippers,4
brown-ish,4
ratty,4
theright,4
squar,4
winows,4
somthng,4
bathroom,4
separating,4
problem.pink,4
peaple,4
samll,4
¸,4
marking,4
snack,4
cambra,4
um,4
frozed,4
freezing,4
gransma,4
clicker,4
youtube,4
vid,4
zinnia,4
zinnias,4
vage,4
3.no,4
plushie,4
bakground,4
dell,4
chargining,4
dollon,4
pros,4
sutffed,4
nioe,4
coffeee,4
descibe,4
stuf,4
wha,4
shisrt,4
winneh,4
overed,4
pople,4
blck,4
packewrs,4
christmas,4
similarly,4
macboks,4
yayt,4
cuddling,4
dorky,4
laing,4
klaying,4
shire,4
cr,4
slepping,4
doggie,4
curls,4
tight,4
ties,4
littel,4
andn,4
babyholding,4
patternered,4
man-sized,4
tootbrush,4
graduation,4
costum,4
sick,4
nametagh,4
cable,4
red-shirted,4
lshirt,4
stero,4
blus,4
animation,4
9ing,4
tgime,4
ster,4
poiting,4
stan,4
customizing,4
creation,4
edit,4
foregroundwith,4
plays,4
oyher,4
gamin,4
optimus,4
prime,4
wreird,4
wii-controller,4
cd,4
litlle,4
fully,4
gesturing,4
hindu,4
hindi,4
trian,4
budda,4
bhudist,4
railway,4
scateboarding,4
blonde's,4
bud,4
tank-top,4
digi,4
sharing,4
sin,4
course,4
keep,4
bycicle,4
tanned,4
gets,4
butane,4
racks,4
rake,4
change,4
adjusting,4
hand-stand,4
handstands,4
trick,4
use,4
jugs,4
jug,4
gy,4
fella,4
marked,4
tights,4
confirm,4
retreiver,4
duo,4
gla,4
handwriting,4
centered,4
brick,4
jacketed,4
cpe,4
097,4
dark-haired,4
couldn't,4
job,4
gave,4
mercedes-benz,4
kr,4
6969y,4
message,4
slight,4
headshot,4
pinstriped,4
whriting,4
pullover,4
frisby,4
frisbe,4
unbuttoned,4
hate,4
could,4
recording,4
other's,4
told,4
hind,4
guide,4
long-sleeve,4
elaphant,4
brimmed,4
grazing,4
camoflage,4
elep,4
yed,4
preserve,4
enclosure,4
observation,4
elephent,4
sprayed,4
pond,4
open-mouthed,4
elepants,4
draw,4
umm,4
somethi,4
pail,4
greyed,4
eh,4
let,4
re,4
otherwise,4
dufflebag,4
grasping,4
roller,4
book-stand,4
cast,4
dj,4
mixing,4
tinge,4
two-piece,4
williams,4
fiving,4
suitman,4
anywhere,4
stui,4
russell,4
designed,4
clouds,4
bord,4
drawn,4
sufrboards,4
facial,4
trauni,4
sitted,4
legged,4
tip,4
stomachs,4
lookign,4
windo,4
uncomfortably,4
holdin,4
priority,4
stepping,4
amtrak,4
profil,4
pone,4
whiye,4
blowing,4
speaker,4
lifing,4
handshake,4
shacking,4
donation,4
pieces,4
dark-skinned,4
catchers,4
basketball,4
firefighter,4
red-haired,4
12,4
stading,4
machinary,4
roads,4
riverside,4
skeleton,4
anad,4
flourescent,4
brothers,4
mannequin,4
blackish,4
oversized,4
garment,4
none,4
y,4
rollerskating,4
somethings,4
went,4
let's,4
cylinder,4
professional,4
buddies,4
dark-skin,4
famous,4
domut,4
freesbi,4
prominent,4
momma,4
packpack,4
carriers,4
righ,4
shal,4
ahe,4
reason,4
wording,4
overcoat,4
hip,4
rolly,4
sneakers,4
chasing,4
tankard,4
ornge,4
allyway,4
agin,4
wih,4
oin,4
bwench,4
enwspaper,4
theground,4
sittingon,4
aaand,4
elder,4
rin,4
lbue,4
0,4
ferry,4
urple,4
hang,4
girlk,4
sittign,4
apears,4
drapped,4
barefeet,4
waterbottle,4
bus-ish,4
hasve,4
purpleish,4
forearm,4
barefooted,4
hasnt,4
withthe,4
wityh,4
shirless,4
kinf,4
carraige,4
plaoid,4
onf,4
buus,4
nope.kid,4
rider-basket,4
tried,4
refreshing,4
during,4
dresses,4
money,4
toll,4
volkswagen,4
harbor,4
citing,4
meteres,4
jerseies,4
jersys,4
unis,4
pinnk,4
car's,4
crossig,4
stree,4
phone--do,4
whirt,4
taling,4
holdling,4
shirtguy,4
frieesbie,4
favorite,4
matches,4
hates,4
lg,4
ballcapped,4
reported,4
ladiey,4
statues,4
now-infamous,4
tat,4
haird,4
attendants,4
camisole,4
thin,4
backless,4
typo,4
pettign,4
toucj-hing,4
ele,4
elophant,4
bloudse,4
keyed,4
sense,4
doh,4
blue-purple,4
kneeing,4
popping,4
tags,4
siutcase,4
wonderful,4
sourfboard,4
stadning,4
position,4
detail,4
suurfboard,4
swinsuit,4
res,4
layinmg,4
dowen,4
hark,4
tipped,4
stiing,4
hairded,4
uver,4
carrieng,4
swiming,4
gray-suited,4
otger,4
firger,4
peope,4
wizzing,4
waitig,4
priotiy,4
walkie,4
talkie,4
lookiing,4
entrace,4
hi-lit,4
reloaded,4
twic,4
erson,4
rightand,4
rushes,4
hoagie,4
freight,4
blue-ish,4
peeps,4
metalic,4
militars,4
soldiers,4
thowing,4
lesbians,4
redhair,4
sleved,4
helme,4
laft,4
un,4
marks,4
wrangles,4
ouch,4
umbrells,4
fending,4
ally,4
hidding,4
unrbella,4
asian-style,4
cler,4
brittian,4
britian,4
britain,4
dou,4
brit,4
airplace,4
airpot,4
undrella,4
kale,4
lettuce,4
shelve,4
carrotts,4
mushrooms,4
celerey,4
recipient,4
nuts,4
cylinders,4
grapefruits,4
called,4
tale,4
actual,4
tupperwares,4
slot,4
pastas,4
herbs,4
et,4
boats,4
cony,4
yams,4
beet,4
chese,4
puffy,4
grated,4
petals,4
bits,4
gunk,4
slivers,4
yellows,4
outfits,4
moms,4
orand,4
glad,4
gravy,4
pwdered,4
power,4
spilled,4
form,4
11,4
contains,4
pound,4
godivia,4
scone,4
scones,4
angel,4
1/2,4
messed,4
dunking,4
cheeseburger,4
nevermind,4
however,4
puffs,4
htodog,4
cuo,4
frothy,4
dounts,4
treats,4
pilled,4
patties,4
class,4
munchkins,4
symbols,4
minnie,4
omelet,4
croissant,4
axh,4
coffe,4
glaxed,4
hootsens,4
hootens,4
bendy,4
aji,4
tomatos,4
bruschetta,4
seeing,4
unfrosted,4
jelly,4
mess,4
sweets,4
es,4
twigs,4
tub,4
choices,4
boul,4
divisons,4
aobut,4
portions,4
three-part,4
rich,4
thirds,4
disk,4
siup,4
chopstick,4
three-piece,4
three-compartment,4
nest,4
three-section,4
chop,4
accompany,4
spearate,4
wantons,4
wontons,4
tripartite,4
bole,4
types,4
starvation,4
feels,4
squarish,4
partitions,4
sum,4
soop,4
containers--one,4
pomegranete,4
pomegranate,4
coaster,4
pods,4
dsh,4
sandwith,4
vegies,4
jat,4
chowmein,4
jumble,4
subs,4
dos,4
hots,4
finallyh,4
apples,4
levitating,4
ansome,4
fuite,4
bithday,4
b'day,4
site,4
oldman,4
caterpillar,4
bulldozers,4
theamed,4
hangs,4
dumptrucks,4
taing,4
contaier,4
picuture,4
photograher,4
onit,4
themed,4
manwith,4
classes,4
icrecream,4
godaiva,4
tines,4
half-eaten,4
two-layer,4
mushed,4
incing,4
hhot,4
ddog,4
yees,4
jam,4
outlines,4
soupy,4
boxed,4
casts,4
loks,4
emply,4
di,4
condiment,4
toawards,4
motrocycle,4
light-green,4
yellow-green,4
haul,4
backend,4
transport,4
shipping,4
fright,4
traveling,4
barrels,4
est,4
schoolbus,4
onward,4
tricyle,4
tryke,4
sportscar,4
wering,4
mouthpiece,4
saddlebag,4
:-),4
non,4
among,4
slow,4
range,4
suv's,4
suvs,4
scherpps,4
restored,4
movers,4
unboxing,4
africa,4
semi-looking,4
rusty,4
mustang,4
beat,4
junky,4
vw,4
literally,4
briefcases,4
lat,4
skull,4
spectators,4
angled,4
hof,4
45,4
degree,4
oops,4
dirtbiker,4
mirroe,4
rider's,4
chopped,4
motocyle,4
sheriff,4
renessaince,4
victorian,4
list,4
pudgy,4
alike,4
motorbikes,4
fleet,4
motorcylist,4
towtruck,4
e'est,4
northeast,4
barade,4
auto,4
scheppe,4
fatty,4
ahhh,4
flashy,4
downing,4
orangebus,4
there'sa,4
walkway,4
seethira,4
toing,4
dbl,4
wonder,4
approaching,4
housestructure,4
addition,4
eblue,4
cyan,4
blue-painted,4
highlights,4
differs,4
houst,4
hippie,4
hippe,4
expansion,4
wooded,4
woden,4
ficture,4
llght,4
housing,4
frontof,4
destination,4
listed,4
err,4
non-highlighted,4
dir,4
torwards,4
blue-green,4
traile,4
unusual,4
yopu,4
agreed,4
motorsysle,4
rred,4
equipped,4
boke,4
cherry,4
interscetion,4
silve,4
drivers,4
inf,4
whitecar,4
rally,4
asilver,4
white-wall,4
slick,4
tasty,4
loding,4
banannas,4
overcast,4
camers,4
figurines,4
bubble,4
voltzwagon,4
kinds,4
diffternt,4
backbag,4
isthe,4
neat,4
girlfriend,4
behindf,4
duy,4
hid,4
stanind,4
orangre,4
version,4
motorocycle,4
darkened,4
spider,4
pans,4
birthcake,4
collored,4
refrigertor,4
maker,4
refridgerator,4
spag,4
stacks,4
well-lighted,4
piza,4
headban,4
kiddie,4
laughing,4
costumes,4
kitchen-one,4
cook,4
pallet,4
gonna,4
warmer,4
plz,4
candleabra,4
soft,4
ladle,4
grillin,4
smok,4
womn,4
vake,4
cleanin,4
counterop,4
moddle,4
supplies,4
sponging,4
anymor,4
solution,4
yellow-gloved,4
annd,4
hatwhite,4
litle,4
litte,4
wines,4
arts,4
craft,4
task,4
ohhhhh,4
sprinklers,4
drop,4
drip,4
poizza,4
tabel,4
sprinkiling,4
exactly,4
fit,4
basic,4
sometihng,4
scooper,4
casaroles,4
casarolles,4
baker,4
lke,4
hired,4
pudont,4
pearls,4
chased,4
bbg,4
content,4
mistake,4
freeze,4
refirgerator,4
instgramming,4
refrigera,4
weater,4
magets,4
abc's,4
sunfilled,2
panes,2
stropped,2
single-chair,2
floow,2
wal,2
necked,2
att,2
flower-patterned,2
expreaies,2
backgrsso,2
ch,2
pace,2
firstp,2
phonebooks,2
blanked,2
yellowsih,2
love,2
armless,2
raggedy,2
creams,2
controlers,2
tghe,2
dont.ok,2
nightstand,2
wroom,2
reclined,2
indent,2
leater,2
cairs,2
tufted,2
farthest,2
poorly,2
furiture,2
formal,2
furnityure,2
tiles,2
oging,2
funiture,2
hardwood,2
bookcases,2
ottomon,2
well-lit,2
automan,2
glider,2
ther's,2
lr,2
redbrown,2
suede,2
detached,2
rests,2
slat,2
collage,2
furninutre,2
winddows,2
furnitur,2
airy,2
loveseats,2
wooden-like,2
furniure,2
viewer,2
whoite,2
seater,2
coverings,2
longer,2
garden,2
expresso,2
yard,2
dark-ish,2
firestone,2
spacious,2
froom,2
two-lamp,2
set-up,2
onew,2
tihe,2
sheets,2
runner,2
end-table,2
halways,2
living-room,2
wardrope,2
coffeetable,2
patterns,2
dresser,2
diffrent,2
posts,2
arch,2
swirlly,2
swirl,2
bottoms,2
floored,2
pinkfloors,2
poorly-lit,2
windwo,2
cou,2
firework,2
stant,2
sparker,2
sprikles,2
budt,2
dounut,2
aprone,2
forground,2
punk,2
cuting,2
pizze,2
14,2
ladied,2
resaturant,2
dessert's,2
ladiies,2
ahir,2
wineglass,2
drinker,2
glalss,2
toasting,2
tilting,2
proceed,2
casually,2
restaurnt,2
sleepers,2
sllping,2
crashed,2
restuarant,2
dwon,2
redshirts,2
twp,2
resturent,2
resurent,2
dess,2
smarthone,2
referring,2
onn,2
greetings,2
oreos,2
ealier,2
tealight,2
glaseese,2
ap,2
lptop,2
ovver,2
america's,2
gather,2
perfectt,2
airal,2
arizona,2
gang,2
dinng,2
hah,2
latpop,2
laptop's,2
seven,2
beroe,2
bo,2
owl,2
sliver,2
abhout,2
stare,2
death,2
beady,2
kitten's,2
boarde,2
elbow,2
orrange,2
startled,2
squinted,2
theirhand,2
relaxed,2
rubbed,2
strocked,2
owners,2
anothe,2
keyboards,2
nope.black,2
specific,2
keypad,2
visable,2
piping,2
pilllows,2
seemingly,2
nogrey,2
cookie,2
uses,2
have...white/orange/gray,2
20s,2
bug,2
twink,2
lapop,2
embroidered,2
coouch,2
stupid,2
mesh,2
grate,2
visiable,2
external,2
cornre,2
glitch,2
long-haired,2
thinking,2
drunken,2
icee,2
map,2
drin,2
tapered,2
bistro,2
bananans,2
bananna,2
yeeey,2
charger,2
whitelap,2
prob,2
haunting,2
glas,2
poeple,2
cigars,2
anf,2
coofee,2
muuffin,2
emiddle,2
amouse,2
sindowns,2
matters,2
starwberry,2
waters,2
devices,2
lappto,2
pjones,2
instructor,2
laptom,2
places,2
adjacent,2
qanother,2
playtes,2
cause,2
sight,2
simalar,2
porkchop,2
porkchops,2
info,2
lapyops,2
motif,2
comps,2
nasty,2
ylu,2
rounded,2
windowsxp,2
smart,2
picktails,2
whew,2
pont,2
gtail,2
icture,2
alot,2
obscures,2
obscuring,2
obscurred,2
kicked,2
wearig,2
gguy,2
pnly,2
shoqing,2
50s,2
60s,2
owmen,2
mirrir,2
ltop,2
poohs,2
winni,2
ay,2
oy,2
aove,2
matreess,2
surround,2
jumpsuit,2
overall,2
sleepiing,2
dungerees,2
orientation,2
lyying,2
pajam,2
gild,2
ggame,2
retrievers,2
lafy,2
snooper,2
pj,2
stuffend,2
doll's,2
dog's,2
animls,2
stuffie,2
asains,2
plae,2
fruitplate,2
somethng,2
flowey,2
outsside,2
floweruch,2
coloroful,2
hooding,2
green-yello,2
cloroful,2
skulls,2
snoppy,2
tuie,2
shirty,2
abot,2
abd,2
grays,2
guyys,2
sittion,2
sweatshirts,2
bros,2
baige,2
matcching,2
adn,2
greyshirts,2
4th,2
fool,2
nana,2
bananaman,2
overripe,2
return,2
kidns,2
reclyners,2
users,2
coucj,2
survace,2
4people,2
bookshefl,2
sit,2
catman,2
burgandy,2
superman,2
nerdy,2
diryt,2
blueand,2
laptpop,2
laptopon,2
bluch,2
layin,2
lieng,2
self,2
sweahshirt,2
alptop,2
coutch,2
bookshelve,2
daddy,2
teaching,2
fathers,2
dad's,2
sone,2
togther,2
roadkill,2
robbon,2
kllls,2
newbornw,2
years,2
separately,2
thechild,2
ccar,2
deddy,2
pacifyer,2
puppy,2
berars,2
beras,2
sandwinching,2
40s,2
baer,2
xtra,2
xl,2
scard,2
bos,2
shirt's,2
ribboned,2
redwhite,2
teddyear,2
mothers,2
tedy,2
shi,2
purple-ish,2
bever,2
brushes,2
rodent,2
detect,2
bby,2
florr,2
rootbeer,2
onhim,2
headbow,2
50,2
tackling,2
striper,2
frou-frou,2
red-and-white,2
wreath,2
bowed,2
attenna,2
anteana,2
antennea,2
fixin,2
grenn,2
panst,2
greta,2
poing,2
cord,2
belet,2
youi,2
rabbit,2
tb,2
lenningh,2
antennae,2
swinging,2
screened,2
girs,2
1.same,2
brown.back,2
hgolding,2
tyo,2
acrrot,2
comuter,2
pzza,2
tc,2
fv,2
blue-shirted,2
smiled,2
sungalsses,2
event,2
funner,2
controll,2
tuner,2
pinting,2
botton,2
somebody's,2
scree,2
controlller,2
strongly,2
wrote,2
winow,2
project,2
backgro,2
bookkshelves,2
ora,2
celing,2
audio,2
shirtgreen,2
gyuy,2
tennise,2
keyboar,2
conference,2
peeople,2
bowling,2
vs,2
staniding,2
mispelled,2
bluetinted,2
lotta,2
aroubd,2
pizzs,2
eater,2
anain,2
non-highlight,2
freinds,2
transformers,2
wihh,2
wasnt,2
whearing,2
invader,2
spaceship,2
windown,2
tvv,2
pinish,2
afgan,2
chouch,2
sor,2
panels,2
shurt,2
framed,2
furnishings,2
printing,2
haveblack,2
verticle,2
cushioned,2
blay,2
fabrics,2
grid,2
harder,2
microfiber,2
rocking,2
foots,2
bedding,2
formally,2
ce,2
vinyl-like,2
openings,2
couach,2
afain,2
featured,2
uhave,2
sparkles,2
sparklers,2
someting,2
doniuts,2
llady,2
scardf,2
restaurent,2
engaged,2
pinkplastic,2
ceel,2
tablewith,2
alcoholic,2
blad,2
included,2
sparle,2
anoverhead,2
sse,2
ariel,2
bedspread,2
backgr,2
swirly,2
keyboaud,2
sup,2
heaven,2
wiskers,2
hpone,2
startup,2
scaf,2
rusted,2
unoccupied,2
compute,2
juicy,2
neither,2
banna,2
bannas,2
mackbook,2
laoptop,2
oif,2
binder,2
circuit,2
womanw,2
ping,2
tddy,2
forget,2
viewing,2
lasy,2
alseep,2
noses,2
woods,2
pacers,2
tiue,2
couched,2
imacs,2
golding,2
blueshirt,2
nap,2
chance,2
napper,2
thems,2
:P,2
shelfs,2
bill,2
gates,2
aand,2
siitting,2
childrens,2
roadd,2
chipped,2
knocked,2
teddybears,2
antoher,2
lite,2
chipmonk,2
ouside,2
onesy,2
bers,2
herelady,2
puple,2
ky,2
throw-up,2
chart,2
poitning,2
belted,2
slacks,2
womeon,2
atwo,2
trqackball,2
trackball,2
platstation,2
playsttion,2
facingh,2
took,2
hued,2
cimputer,2
highschool,2
eatinf,2
share,2
fremote,2
vomit,2
pociktbook,2
attractive,2
dree,2
bood,2
benchreding,2
parkbench,2
ldy,2
readming,2
bemch,2
trench,2
bid,2
bonde,2
san-wedge,2
30,2
weith,2
sand-wedge,2
copy,2
da,2
teenagerish,2
glances,2
whilst,2
glancing,2
iron,2
earphone,2
eledrly,2
canes,2
crossword,2
puzzle,2
cance,2
leader,2
ssitting,2
saffron,2
appeard,2
bacck,2
sateboard,2
rode,2
aguy,2
scatting,2
skater,2
grey-haired,2
chatting,2
gray-haired,2
appear,2
talkingt,2
heair,2
te,2
matched,2
dork,2
bah,2
camer,2
highlightd,2
cameras,2
hench,2
@,2
caera,2
eback,2
i'd,2
cheppel,2
helments,2
bycicles,2
thig,2
nexxt,2
lace,2
blond-haired,2
bathsuit,2
fist,2
swimgear,2
forearms,2
borwn,2
shortsleeve,2
abike,2
alternate,2
puts,2
fony,2
offf,2
attatching,2
hlmet,2
securing,2
inspected,2
straping,2
ending,2
3547,2
vehcile,2
possible,2
nex,2
hanstand,2
tryuing,2
newspapers,2
allright,2
makeshift,2
ho,2
`,2
rides,2
jaket,2
poor,2
hasn't,2
drowser,2
kahkies,2
kahki,2
knaki,2
eyyyyy,2
bicylce,2
stoop,2
delievering,2
delievery,2
subwy,2
handicap,2
gazing,2
hhow,2
habdy,2
aginst,2
tying,2
probalne,2
cannister,2
bake,2
ligne,2
propoane,2
here's,2
bottke,2
huy,2
glame,2
too-small,2
silverish,2
connection,2
whyite,2
fames,2
smallish,2
miniture,2
snapping,2
btwn,2
bicyles,2
squawking,2
couching,2
squating,2
sqauting,2
tanking,2
jhim,2
photon,2
squzatting,2
crates,2
bask,2
wago,2
fitted,2
ordange,2
usa,2
bie,2
finish,2
hemet,2
sir,2
sidways,2
biathalon,2
indoor,2
tack,2
ang,2
pats,2
protection,2
racker,2
texts,2
messge,2
bblk,2
shiirts,2
st,2
appearing,2
doctor,2
write,2
byy,2
parkiing,2
though.you,2
doi,2
favorites,2
manbeside,2
african-american,2
guty,2
landscaping,2
ve,2
phhone,2
embankment,2
legdge,2
meeter,2
true,2
wh,2
shrubs,2
bricks,2
arock,2
legde,2
scotter,2
motorcyce,2
scoter,2
jerseyes,2
ok.thanks,2
numbers,2
splaying,2
fog,2
mc,2
answer,2
dunuts,2
aa,2
earing,2
respectively,2
lovers,2
stanfing,2
ctattee,2
carr,2
ope,2
volvo,2
disgusted,2
mercedez,2
heads,2
behing,2
guon,2
quite,2
imported,2
walks,2
pedestrians,2
kr6969y,2
greener,2
corssing,2
talks,2
hime,2
strait,2
camea,2
loounging,2
pin-striped,2
blkue,2
smiler,2
middle-aged,2
via,2
blackground,2
phon,2
frisco,2
agree,2
tick,2
grisbee,2
green-frisbee,2
ooh,2
frissbee,2
fribee,2
guesing,2
businesswear,2
calling,2
mildly,2
eventually,2
complete,2
survey,2
longingly,2
attire,2
havekids,2
hacket,2
parch,2
redd,2
meet,2
trilby,2
woman--that,2
hatted,2
perhaps,2
disconnected,2
tieed,2
lephant,2
hoolding,2
perosn,2
cub,2
lean,2
elephnat,2
elepha,2
easal,2
trailing,2
jacet,2
conveninet,2
clearest,2
whin,2
sunhat,2
elehant,2
coloful,2
peron,2
envelope,2
clorful,2
younge,2
status,2
pictue,2
stiprd,2
yest,2
camoflauge,2
superhero,2
hirt,2
signs,2
popular,2
corwd,2
elpant,2
always,2
testing,2
answers,2
whaite,2
elehpant,2
snout,2
trials,2
staues,2
strapes,2
staue,2
htink,2
fencce,2
gate,2
lake,2
shaded,2
aain,2
elephant.water,2
higher,2
fencing,2
cage,2
csrt,2
bull,2
elivated,2
shadowy,2
eof,2
balconey,2
feed,2
elef,2
playuing,2
wash,2
knleeling,2
linning,2
myt,2
splattering,2
feel,2
stalked,2
bath,2
exploding,2
pettnig,2
watches,2
beautiful,2
bob,2
ross,2
tree-looking,2
artistic,2
paiting,2
witgh,2
welll,2
backg,2
outsi,2
include,2
black.hand,2
greenish-bluish,2
suitcas,2
brush,2
littlegirl,2
handful,2
hairbrush,2
brushng,2
brshing,2
pant.and,2
mint,2
lugagge,2
gul,2
sitcase,2
tolking,2
blacksuit,2
holidng,2
hloding,2
soething,2
nxt,2
squished,2
completly,2
saee,2
siting,2
crammed,2
half-zipped,2
sorting,2
dsome,2
repacking,2
redvest,2
ours,2
adjustable,2
suitbase,2
blondes,2
knot,2
touches,2
wheeling,2
laydy,2
blac,2
dressing,2
hers,2
pul,2
stranding,2
stakeboard,2
denim-clad,2
yoou,2
wnoh,2
lend,2
peerson,2
bulb,2
popo,2
spotlight,2
toolbox,2
tool,2
tinting,2
binkin,2
biniki,2
wbikini,2
suftboard,2
her.red,2
acrrying,2
greensurfboard,2
iobn,2
bioke,2
helmat,2
jhelmet,2
sufting,2
gyu,2
yellwo,2
sunburst,2
behindn,2
seas,2
scuba,2
goggles,2
skier,2
fixed,2
cicycle,2
sufrboard,2
upside-down,2
oiw,2
havehott,2
lyin,2
gilr,2
surfboy,2
befor,2
aboard,2
sttripes,2
lay,2
brand,2
shore,2
shoreline,2
oki,2
eged,2
hilding,2
blackwet,2
bursting,2
bhind,2
wetsuite,2
asian-looking,2
sandy,2
highltighed,2
carry,2
advertising,2
thee,2
othe,2
closer,2
walkiing,2
buddy,2
sth,2
boarsd,2
samoan,2
simply,2
sorta,2
moustache,2
shadowed,2
canoe,2
surfoard,2
muscular,2
orangeand,2
baords,2
bro's,2
wto,2
bikinis,2
nam,2
sent,2
pal,2
pedaling,2
options,2
whitecap,2
outer,2
wter,2
prone,2
surboards,2
chiden,2
umbresllas,2
awkwardly,2
eastern,2
cellhone,2
cla,2
clasping,2
clasped,2
reflected,2
substation,2
notepad,2
ewith,2
wman,2
smoling,2
hink,2
old-fashioned,2
likely,2
twenties,2
caboose,2
ling,2
drives,2
pplwith,2
betweeen,2
teshirt,2
ogf,2
people's,2
bag.she,2
enjoying,2
reappears,2
ols,2
ble,2
steamtrain,2
blury,2
traiin,2
old-looking,2
link,2
theme,2
today,2
platfor,2
013,2
yellowtrain,2
unload,2
unloaded,2
somehing,2
found,2
dishwasher,2
weigh,2
minifride,2
lifiting,2
advanced,2
truc,2
refrigirator,2
pesky,2
generator,2
suit's,2
amany,2
umbreall,2
polit,2
tion,2
arfmy,2
greeting,2
simeone,2
salavation,2
slvatn,2
salvationarmy,2
nomy,2
oranfe,2
pear,2
bball,2
doy,2
leaned,2
base,2
fielding,2
cricket,2
glouse,2
automobile,2
basball,2
buwhite,2
junkwhite,2
pu,2
truckbed,2
suspenders,2
wreckage,2
rescue,2
pikup,2
mext,2
fighteres,2
conversing,2
worls,2
umpreslla,2
agains,2
1967,2
agaisnt,2
sixth,2
phjoto,2
customers,2
order,2
patronizing,2
chillin,2
personel,2
frot,2
brownshirt,2
halterin,2
ofsome,2
spaghetting,2
machinery,2
drive,2
streets,2
sweep,2
br,2
ozzy's,2
ozzy,2
wacky,2
coustume,2
terrifying,2
bathrobe,2
blue-hat,2
red-green,2
circus,2
brn,2
rises,2
tummy,2
raglan,2
cloored,2
langsleave,2
unblrella,2
ob,2
decorative,2
smailing,2
ubrella,2
bluena,2
umbrell,2
sweather,2
points,2
peole,2
mask,2
sunglasesmask,2
checks,2
putple,2
uhh,2
yellow-ish,2
parisol,2
croud,2
umber,2
la,2
salute,2
hving,2
:-D,2
okyes,2
umberella,2
oman,2
month,2
moncho,2
umrbella,2
hamming,2
ponco,2
mlue,2
airpoty,2
airplaine,2
umprella,2
pocadot,2
japaneese,2
downward,2
readin,2
greenery,2
tibetan,2
monkish,2
skatebpard,2
onm,2
gra,2
andmand,2
cyclists,2
sames,2
slee,2
instagram,2
filter,2
applied,2
storing,2
yes.he,2
dowm,2
garager,2
abus,2
selfy,2
baout,2
pictiure,2
lookijng,2
balancing,2
paired,2
minutes,2
cycler,2
beginning,2
nattily,2
marker,2
pphone,2
besided,2
womman,2
lon,2
creepers,2
bussers,2
phony,2
aboout,2
2with,2
inj,2
1.man,2
rockwall,2
readers,2
sittting,2
bro,2
cellie,2
mouthes,2
shiry,2
gals,2
lave,2
blu,2
clad,2
aother,2
button-up,2
bown,2
died,2
awwww,2
stomache,2
puffed,2
slevee,2
elephhant,2
apic,2
thistime,2
toucher,2
confusing,2
tourhcing,2
packback,2
touchin,2
bookbag,2
ldo,2
blnde,2
perch,2
artwork,2
handlke,2
gup,2
tugging,2
brishing,2
breifcase,2
theman,2
loose,2
agina,2
yrd,2
surfign,2
onyellow,2
surfboared,2
bracelet,2
boad,2
carpeted,2
torso,2
snowboard,2
oard,2
wuith,2
san,2
fromlast,2
carrtying,2
boatd,2
easier,2
prority,2
olg,2
aproching,2
ladyn,2
fon,2
yellowy,2
somethinh,2
breaded,2
smoking,2
jello,2
somekind,2
fun,2
veteran,2
infront,2
gaain,2
huddled,2
alrighty,2
alady,2
wolding,2
gripping,2
pick-up,2
leans,2
hiya,2
whi,2
shrt,2
organe,2
edgy,2
creeping,2
bronzed,2
noy,2
alley-way,2
ubmrella,2
flattered,2
all-blue,2
fr,2
eign,2
stringy,2
basically,2
aaaand,2
dandellion,2
forkfull,2
mainly,2
material,2
dandelions,2
contatiners,2
entries,2
negative,2
circles,2
brussel,2
sprouts,2
ham,2
eice,2
ovals,2
forming,2
decorate,2
ted,2
hos,2
portrays,2
product,2
containters,2
stu,2
sizes,2
celerary,2
grappefruit,2
containers-one,2
halved,2
celeray,2
kiwi,2
hsve,2
cylynders,2
cylindrical,2
random,2
switched,2
beh,2
grapefrit,2
peanuts,2
total,2
situation,2
citrius,2
anyways,2
paisanos,2
dsalad,2
cards,2
meaty,2
menus,2
againg,2
carotts,2
som,2
benmtoo,2
mix,2
comparents,2
ec,2
carrotte,2
yel,2
chineses,2
vegitables,2
tomato's,2
luncheon,2
sandwichnn,2
rectangullar,2
forth,2
op,2
diffe,2
find,2
cucumbers,2
chicjen,2
lie,2
birds-eye,2
perspective,2
sound,2
bowllooks,2
frnch,2
herb,2
chineese,2
ia,2
bolws,2
beef,2
hurry,2
rimmed,2
squire,2
matt,2
disch,2
pla,2
disc,2
seafood,2
seond,2
containing,2
stir-fry,2
nthem,2
bacvk,2
vegtabels,2
vegatables,2
medetaranian,2
noddles,2
alos,2
sof,2
shakers,2
2common,2
1different,2
dogsat,2
sausages,2
conatainer,2
sogs,2
deal,2
trey,2
cony's,2
fires,2
ugh,2
knotted,2
cranberry,2
gotcha,2
halla,2
fryes,2
filngers,2
fis,2
hollandaise,2
sauch,2
largew,2
withgreen,2
yourgreen,2
colur,2
smh,2
plare,2
cobb,2
cilinders,2
petal,2
showed,2
gorl,2
seea,2
babe,2
ccake,2
mum,2
reopening,2
queue,2
tries,2
grab,2
cakewith,2
25,2
%,2
roger,2
ge,2
shoot,2
hear,2
lumps,2
lumpy,2
lump,2
upsidedown,2
sourrounded,2
undecorated,2
ccloth,2
used,2
gravey,2
berry,2
syup,2
caramel,2
cobbler,2
clothe,2
strawberries,2
powdersugar,2
sprilled,2
stawberry,2
syurp,2
choclolat,2
in-between,2
crema,2
chocloate,2
folk,2
candless,2
agai,2
blazing,2
cnadles,2
frost,2
birhday,2
untouched,2
creame,2
driz,2
chooclate,2
hice,2
deco,2
unifinished,2
zoomed,2
pieace,2
brwon,2
sngle,2
crumbs,2
boxbehind,2
wrapping,2
godive,2
1.cake,2
godviva,2
lblack,2
yummy,2
;P,2
residue,2
pour,2
buttercream,2
sprinkes,2
crum,2
teac,2
ketttle,2
powedered,2
elements,2
sunday,2
calk,2
goblet,2
knnife,2
drizzles,2
chocolae,2
chocholate,2
icecreams,2
sppon,2
please,2
completed,2
sponge,2
granite,2
powdered-sugar,2
laf,2
sharp,2
knive,2
caake,2
hambueger,2
packs,2
burgewr,2
sandiwch,2
packages,2
beefburger,2
sticing,2
tpye,2
homeade,2
thing-yes,2
om,2
bisquet,2
tomoto,2
prink,2
cofeee,2
pibk,2
omg,2
mister,2
craving,2
midd,2
tdog,2
betwee,2
sstuff,2
excellent,2
sourkrout,2
pictur,2
fronto,2
ghave,2
sour,2
kraut,2
ilver,2
keyboarda,2
snmall,2
thata,2
flared,2
maccaroons,2
munch,2
macarrons,2
creampuffs,2
yi,2
ido,2
minchkins,2
dint,2
macroon,2
macoroons,2
wirg,2
micjey,2
ouse,2
habve,2
dmickey,2
logos,2
moust,2
olate,2
southwest,2
deer,2
ok-do,2
mushy,2
checerd,2
checkerd,2
uop,2
eated,2
melted,2
tincup,2
mootsen's,2
hosten's,2
papercup,2
croisssant,2
stirofoam,2
baggle,2
candie,2
whute,2
glaxzed,2
whuirte,2
cooffee,2
hoostens,2
late,2
milikshake,2
hoosten's,2
snad,2
hootsen,2
picnic,2
remosted,2
pict,2
lika,2
whiute,2
hanfiogn,2
rings,2
mickie,2
–,2
mickeys,2
started,2
walked,2
forever,2
lettered,2
hotbog,2
chileno,2
chesse,2
condoment,2
sid,2
argula,2
arugulat,2
leefy,2
onion,2
tougher,2
wedge,2
toms,2
broccolii,2
nad,2
partition,2
seprate,2
proteins,2
coliflowers,2
franks,2
explain,2
clearly,2
shreds,2
vegs,2
hebrew,2
arabic,2
chunks,2
slicer,2
suger,2
moose,2
unused,2
napkon,2
eight,2
yeellow,2
peice,2
chococlate,2
2.half,2
cutlery,2
cak,2
butter,2
process,2
eggmcmuffin,2
egsandwhich,2
behond,2
chocalate,2
manual,2
macaroon,2
mickeyh,2
stuiff,2
oni,2
bacon-bagel,2
mickymouse,2
soggy,2
whife,2
breakfest,2
visibl,2
strwa,2
yep-do,2
flash,2
flashes,2
ehite,2
ploce,2
wee,2
motorcycl,2
sirens,2
ur,2
remaing,2
thingie,2
motorboike,2
mellow,2
angles,2
visor's,2
stripey-fronted,2
fronted,2
colorss,2
bac,2
fail,2
walthura,2
grille,2
greean,2
mulit,2
dye,2
follower,2
wathrua,2
colorized,2
behin,2
doubel,2
itmay,2
matter,2
reqd,2
doule,2
tourbus,2
outsdie,2
eest,2
c'estcheese,2
sliding,2
iea,2
say's,2
miliary,2
#178,2
bux,2
worded,2
truck-y,2
confused,2
awua,2
taxi,2
stamp,2
ike,2
black-striped,2
foodtruck,2
sells,2
trashcans,2
orabge,2
redbus,2
trust,2
grew,2
ceste,2
yellow-looking,2
aproaching,2
rural,2
we've,2
peddlebike,2
parallel,2
green-sleeved,2
bikcyle,2
tri,2
absolutely,2
amazing,2
mororcycle,2
details,2
chopper,2
configuration,2
fivce,2
blakc,2
typle,2
definitely,2
lo,2
cutom,2
whels,2
browser,2
checkeres,2
hemelt,2
blaid,2
fllannel,2
bikeer,2
wore,2
cowl,2
oyou,2
thuis,2
mike,2
motorcylcle,2
glaasess,2
wbu,2
bullet,2
dope,2
okking,2
stooped,2
tilts,2
beniding,2
wher,2
pitcure,2
neatly,2
mowed,2
parkingspot,2
motors,2
glaring,2
bakced,2
pictu,2
ferrari,2
blike,2
motorcyle,2
parks,2
surronded,2
spaces,2
prking,2
prked,2
bide,2
policman,2
thie,2
perpendicular,2
puling,2
correction,2
froze,2
mini-car,2
pullin,2
iy,2
abiker,2
kid's,2
parket,2
fro,2
scale,2
kickstan,2
one-how,2
tto,2
hellow,2
pipes,2
sta,2
fill,2
blackmotorcycle,2
statio,2
lawn,2
fashion,2
cloudy,2
hoodless,2
greent,2
ee,2
cube,2
turck,2
mover,2
hatch,2
uhal,2
rare,2
no's,2
reload,2
emergncy,2
department,2
havent,2
62,2
submint,2
fre,2
fir,2
basked,2
wicker,2
bannna,2
roughly,2
silver-gray,2
jeep,2
branching,2
duty,2
wind,2
umrella,2
woam,2
imbrella,2
gain,2
silvery,2
theyre,2
sliverish,2
d3,2
2537,2
fex,2
fedexes,2
impage,2
shcepps,2
sheppa,2
explains,2
schepra,2
scherpra,2
theblue,2
nik,2
naks,2
stiff,2
car.yes,2
rainbow-sprinked,2
diff,2
consturction,2
wthat,2
viewed,2
constrution,2
ainsbough,2
bafgs,2
packed,2
max,2
abou,2
tyou,2
pads,2
heavier,2
backward,2
kahaki,2
indront,2
drifting,2
tearing,2
33,2
grean,2
audience,2
flinging,2
fenders,2
bikem,2
drit,2
slinging,2
motorbiker,2
ricing,2
facce,2
camere,2
owith,2
helmt,2
cuy,2
alst,2
diplaying,2
because,2
pinstripes,2
bones,2
individual,2
greenbike,2
moterxycle,2
mot,2
backback,2
sunglass,2
mirrored,2
guuy,2
recheck,2
od,2
motorcyclr,2
ladie,2
renesaince,2
dres,2
sleevless,2
princess,2
leanding,2
low-cut,2
medevil,2
medeival,2
forgot,2
renaisance,2
motorb,2
costume-like,2
goth,2
faire-type,2
camelot,2
againest,2
flowing,2
won't,2
dreadlocks,2
bklack,2
crew,2
roasted,2
loo,2
cycles,2
mybe,2
5c,2
ops,2
aligned,2
ehelmets,2
fellas,2
motercycles,2
linup,2
jacks,2
helms,2
motorcyclists,2
helmetes,2
yelllow,2
guards,2
motocylist,2
whitevan,2
htat,2
european,2
soothala,2
trucking,2
tier,2
wasn't,2
tot,2
bues,2
roading,2
rt,2
oming,2
mortocycle,2
pass,2
sttrange,2
customized,2
motortricyle,2
moeorcycle,2
towel-looking,2
motorcycle's,2
satchel,2
cadelac,2
sideeways,2
immediately,2
ofother,2
canbe,2
average,2
kickstand,2
crown,2
trainler,2
racecar,2
ok_,2
cofefe,2
foront,2
directiom,2
motercylcle,2
knick,2
nak,2
puffer,2
trcuks,2
foggy,2
supposed,2
looong,2
collector,2
minivan,2
rainbow-colored,2
compact,2
shirt-no,2
headwrap,2
sleveless,2
bacl,2
ig,2
raing,2
flung,2
suited,2
helmit,2
minrror,2
what's,2
garb,2
skullcap,2
family'i,2
buttondown,2
poilce,2
praking,2
parkinglot,2
medival,2
constume,2
ren,2
topleft,2
glitched,2
racers,2
highlighter,2
garrage,2
shelving,2
break,2
bar.the,2
sbehind,2
leftef,2
centre,2
workroom,2
itchen,2
hitting,2
fern,2
yeloow,2
pantry,2
pizz,2
lauging,2
birthdat,2
lade,2
brownie,2
bd,2
kithchen,2
behidn,2
kitchedn,2
gloved,2
fride,2
wearin,2
clutte,2
ron,2
redone,2
80s,2
remodeled,2
frdge,2
refridge,2
background---and,2
everything,2
dn't,2
commen,2
weiny,2
vases,2
fruitbowl,2
agan,2
alchol,2
tabl,2
chocklate,2
stools,2
upscale,2
candle-holder,2
assortment,2
unlit,2
designs,2
black-ish,2
talbe,2
micro,2
refgirerator,2
ktichen,2
wooman,2
laptopwoman,2
waman,2
vending,2
<,2
overn,2
bald-headed,2
banded,2
clkeaning,2
repeated,2
wristwatch,2
potatos,2
dishware,2
panb,2
grandmas,2
thanksgiving,2
looked,2
hem,2
scraping,2
charm,2
inove,2
ovens,2
stoves,2
faucet,2
stovetop,2
boiling,2
womyes,2
checkerboard,2
goods,2
loafs,2
black-haired,2
wommen,2
profiled,2
convection,2
apon,2
carefully,2
roundish,2
extending,2
abouot,2
poaddle,2
sleaves,2
pictured,2
hack,2
oen,2
freezer,2
longsleeved,2
bbqing,2
hblack,2
blue-jeaned,2
hunter,2
puuting,2
pots,2
shirt-sleeves,2
hvae,2
agagin,2
prentending,2
height,2
girlholding,2
regs,2
labels,2
refrig,2
oepen,2
manin,2
food--home,2
prep,2
frigde,2
openign,2
preppeing,2
you've,2
ithe,2
referigerator,2
pizzeria,2
aproned,2
pguy,2
oranage,2
ceasars,2
oragne,2
pron,2
sprinlijn,2
add,2
puring,2
poring,2
sprinling,2
spillig,2
cakelike,2
sale,2
womon,2
foreign,2
japense,2
baldish,2
mysterious,2
underarmor,2
3.man,2
exhaust,2
widows,2
peak,2
pain,2
personal,2
long-sleebe,2
smaok,2
pizzza,2
sitiing,2
pea-coat,2
spec,2
silly,2
alphabits,2
pointin,2
magnate,2
hooded,2
min,2
havethe,2
reads,2
becnh,2
tolder,2
laady,2
palms,2
ditchen,2
kithen,2
iisland,2
frontm,2
hog,2
thanku,2
booze,2
fuit,2
centerpiece,2
cancles,2
candelbra,2
eatint,2
tans,2
transfering,2
spooing,2
complexion,2
dough,2
cooker,2
handler,2
izza,2
bbq'ing,2
fridge's,2
piaaz,2
pigs,2
glases,2
